Workbook
Name AC_KM: DATA!$Q$3:$Q$1385
Name BP_KM: DATA_BP!$K$2:$K$1043
Name AC_TKCO: DATA!$I$3:$I$1385
Name NHOM_QL: 'THAM CHIẾU'!$L$3:$L$60
Name AC_NHOMQL: DATA!$P$3:$P$1385
Name BP_QUY: DATA_BP!$C$2:$C$1043
Name MA_DOI: 'THAM CHIẾU'!$R$3:$R$35
Name AC_PHAITRA: DATA!$M$3:$M$1385
Name SDCDK: CDPS!$F$5:$F$222
Name SDNCK: CDPS!$I$5:$I$222
Name MA_DUAN: 'THAM CHIẾU'!$Z$3:$Z$82
Name TF_THANG: DATA_TF!$B$2:$B$1002
Name TF_DOI: DATA_TF!$H$2:$H$1002
Name SDCCK: CDPS!$J$5:$J$222
Name AC_DOI: DATA!$AA$3:$AA$1385
Name NAME: 'Thông tin chung'!$B$3
Name BP_THANG: DATA_BP!$B$2:$B$1043
Name AC_TKNO: DATA!$H$3:$H$1385
Name AC_QUY: DATA!$B$3:$B$1385
Name DM_NV: 'THAM CHIẾU'!$P$3:$S$367
Name MA_NV: 'THAM CHIẾU'!$P$3:$P$113
Name AC_SOTIEN: DATA!$J$3:$J$1385
Name MA_BP: 'THAM CHIẾU'!$U$3:$U$10
Name NHOM_KM: 'THAM CHIẾU'!$J$3:$J$60
Name DM_KM: 'THAM CHIẾU'!$H$3:$M$60
Name BP_DOI: DATA_BP!$H$2:$H$1043
Name BP_DA: DATA_BP!$E$2:$E$1043
Name MATK: CDPS!$B$5:$B$222
Name TF_KM: DATA_TF!$L$2:$L$1002
Name AC: DATA!$A$3:$AI$1385
Name TF_DA: DATA_TF!$E$2:$E$1002
Name THANG: 'THAM CHIẾU'!$D$3:$D$20
Name SDNDK: CDPS!$E$5:$E$222
Name MA_CODE: CDPS!$C$5:$C$222
Name NGHIEPVU: 'Quy chuẩn hạch toán'!$B$2:$B$100
Name AC_PHAITHU: DATA!$K$3:$K$1385
Name MA_KM: 'THAM CHIẾU'!$H$3:$H$60
Name AC_NGAY: DATA!$D$3:$D$1385
Name NGAY: 'THAM CHIẾU'!$A$3:$A$367
Name MA_DONGTIEN: DONGTIEN!$C$6:$C$80
Name DM_BP: 'THAM CHIẾU'!$U$3:$V$10
Name DM_DUAN: 'THAM CHIẾU'!$Z$3:$AC$367
Name MA_SP: 'THAM CHIẾU'!$X$3:$X$85
Name BP_SOTIEN: DATA_BP!$N$2:$N$1043
Name DM_SP: 'THAM CHIẾU'!$X$3:$Y$85
Name DM_DOI: 'THAM CHIẾU'!$R$3:$R$70
Name DM_CDT: 'THAM CHIẾU'!$AB$3:$AC$82
Name MA_CDT: 'THAM CHIẾU'!$AB$3:$AB$82
Name AC_THANG: DATA!$C$3:$C$1385
Name TF_QUY: DATA_TF!$C$2:$C$1002
Name TF_SOTIEN: DATA_TF!$N$2:$N$1002
Name AC_DA: DATA!$U$3:$U$1385

Sheet Thông tin chung
A1: THÔNG TIN CHUNG | D1: Phân quyền
C2: GHI CHÚ | D2: Nhập liệu | E2: Xem
A3: Tên công ty: | B3: Công Ty CP BĐS Đại Hùng Thịnh
A4: Địa chỉ: | B4: 46B Đường Trung Mỹ Tây 14A, Tổ 40, Khu phố 5, Phường Trung Mỹ Tây, Quận 12, TP. HCM
A5: VPGD: | B5: 482 Trường Chinh, P. Tân Hưng Thuận, Quận 12
A6: Mã số thuế | B6: 0316039733
A7: Điện thoại:
A8: Giám đốc | B8: Bùi Thị Tuyết Lan | E8: Tất cả
A9: Mail: | B9: tuyetlan.0238@gmail.com
A10: Kế toán trưởng | B10: Trần Thị Nguyệt Ánh
A11: Kế toán tổng hợp | D11: Tất cả
A12: Kế toán thuế | B12: Phan Thị Hồng Yến
A13: Thủ quỹ | B13: Trần Thị Nguyệt Ánh
A14: Ngành nghề kinh doanh chính | B14: Bất Động Sản
A15: Ngành nghề phụ
A16: Tài khoản ngân hàng 1: | B16: 60238560554 | C16: Sacombank-chi nhánh Quận 12
A17: Tài khoản ngân hàng 2:
A18: Tài khoản ngân hàng 3:
A19: Tài khoản ngân hàng 4

Sheet NOTE
A1: STT | B1: Ngày yêu cầu | C1: Cấp độ | D1: Nội dung | E1: Vấn đề | F1: Cần cải tiến | G1: Trạng thái | H1: Deadline | I1: Ngày hoàn thành | J1: Link hình ảnh
D2: Form tạo bút toán | E2: hình thức các ô và khoảng cách thông tin rộng nên để xem hết thông tin phải kéo thanh trượt xuống không thuận tiện - Các nội dung cần bố trí sắp xếp theo thứ tự phát sinh và thứ tự ưu tiên | G2: TRUE | I2: Cần tối ưu cả từ tiêu đề. Lấy kích thước chuẩn của dòng trong Excel để thiết kế theo
D3: Báo cáo thống kê | F3: Tổng hợp số lượng, giá trị theo yếu tố | G3: FALSE
G4: FALSE
B5: 46038 | D5: Thêm mới tài khoản | E5: Khi nhập sai -> không cho sửa -> Xóa nhập lại không cho phép nhập lại TK đã bị xóa | F5: 1. Cho phép sửa (sau này phân quyền quản lý cho phép mới đc sửa) | G5: TRUE | I5: Ok
B6: 46038 | D6: Thêm mới tài khoản | E6: Loại tài khoản | F6: Tên đúng là Nhóm tài khoản Danh mục gồm : Nợ Có Lưỡng tính (Số dư 2 bên) Không có số dư | G6: TRUE | I6: Ok
B7: 46038 | D7: Thêm mới tài khoản | E7: Nhóm tài khoản | F7: Tên đúng là Loại tài khoản gồm Tài sản Nợ phải trả Vốn chủ sở hữu Doanh thu Chi phí Thu nhập khác Chi phí khác Xác định kết quả kinh doanh | G7: TRUE | I7: Ok
B8: 46038 | D8: Thêm mới tài khoản | E8: Hiển thị danh sách theo thứ tự cập nhật | F8: Hiển thị theo thứ tự tài khoản từ nhỏ đến lớn | G8: TRUE | I8: Ok | J8: https://drive.google.com/file/d/1pNt0dop6MyupVnU7fcmHW-hV__S7wEXM/view?usp=drive_link
B9: 46038 | D9: Tài khoản kế toán | E9: Hiển thị 50 dòng | F9: Hiển thị 100 dòng 1 lần | G9: TRUE | I9: Ok | J9: https://drive.google.com/file/d/1-ylmpZm4I4pXZgl5mqQbyNCxDRTQlr_g/view?usp=drive_link
B10: 46038 | D10: Tên trên menu | E10: Chứng từ trùng tên của 1 nội dung khác | F10: Đổi tên Chứng từ thành DỮ LIỆU TỔNG HỢP | G10: FALSE | I10: Ok | J10: https://drive.google.com/file/d/1-1rHIjgzzNbLY35MTh-zmxxEg4PsO5b8/view?usp=drive_link
B11: 46038 | D11: Tên tiêu đề dữ liệu tổng hợp | F11: Đổi từ Loại CT thành LOẠI GIAO DỊCH Loại GD thành NGHIỆP VỤ | G11: FALSE | I11: Ok | J11: https://drive.google.com/file/d/1PZpyBl2tBqZ7z60XMT084kSh0pO_64Rz/view?usp=drive_link
B12: 46038 | D12: Tạo bút toán mới | E12: Tên tiêu đề các nội dung | F12: Đổi từ Loại CT thành LOẠI GIAO DỊCH Loại GD thành NGHIỆP VỤ | G12: FALSE | I12: Ok | J12: https://drive.google.com/file/d/1gW7rwp4NsGT0QUWcK-_k3BfQfQMMaAZO/view?usp=drive_link
B13: 46038 | D13: Tạo bút toán mới | E13: Thiếu các phần nhập thông tin bổ sung | F13: Giao diện đầy đủ | G13: FALSE | I13: Ok | J13: https://drive.google.com/file/d/1qa5MgXniKkQgesSpS_MzM-L5TLl8DJ4p/view?usp=drive_link
B14: 46038 | D14: Thêm quy chuẩn hạch toán | E14: Tài khoản Nợ và TK Có chưa hiển thị các tài khoản được thêm mới và tài khoản con | F14: Hiển thị để lựa chọn Nếu TK nào có TK con thì danh mục hiển thị là TK con (hiển thị cấp nhỏ nhất) Nếu TK nào không có TK con thì hiển thị TK cha | G14: FALSE | I14: Quy chuẩn hạch toán là 1 dạng quy định chuyên môn k để ở mục cài đặt ứng dụng Chưa chọn được tài khoản
B15: 46038 | D15: Phân quyền | E15: Chưa có vai trò của Giám đốc; Kế toán trưởng | F15: Bổ sung vai trò của Giám đốc; Kế toán trưởng Thay kiểm toán = kiểm soát | G15: FALSE | I15: Nên để mở cho DN tự tạo vị trí chức năng theo sơ đồ tổ chức của họ | J15: https://drive.google.com/file/d/1Q4_7_4bWH6x8v55110n1TXCch8ezRD2L/view?usp=drive_link
B16: 46038 | D16: Menu chính | E16: Chưa đủ nhóm theo cơ cấu | F16: Phân làm 3 nhóm chính 1. Tổng quan (mặc định mở phần mềm lên sẽ nhìn thấy giao diện tổng quan tất cả) 2. Nhóm làm việc thường xuyên gồm - Chứng từ - Trung tâm dữ liệu (các kho dữ liệu ) - Báo cáo - Phân tích 3. Nhóm chỉ phát sinh nhập 1 lần gồm - Danh mục - Quy chế - Chính sách - Biểu mẫu - Hướng dẫn **** Phần cấu hình, cài đặt, phân quyền chuyển lên thanh công cụ ngang và ẩn trong biểu tượng hình bánh răng | G16: FALSE | I16: Ok | J16: https://drive.google.com/file/d/1QjODKjB-EDR4CUXVpb7E44n5Ahgrcoxz/view?usp=drive_link
B17: 46038 | D17: Khoản mục | E17: Nhóm khoản mục cứng nhưng sai thông tin | F17: Tạo danh mục nhóm khoản mục để kế toán tự tạo và thêm tùy theo yêu cầu quản lý từng DN | G17: FALSE | I17: Chưa chọn được nhóm KM | J17: https://drive.google.com/file/d/1_fYg_aYkCnUouhMi21SV-1Ww5K01nUua/view?usp=drive_link
B18: 46038 | D18: Thêm đối tượng | E18: Mã số thuế tự nguyện | F18: Mã số thuế để trạng thái bắt buộc | G18: TRUE | I18: Ok | J18: https://drive.google.com/file/d/1nMCUWROUFtwYBpnEj-kfh_uvEO72lECn/view?usp=drive_link
B19: 46039 | D19: Danh mục hợp đồng | E19: Chưa có | F19: Bổ sung danh mục hợp đồng (lưu ý mã hợp đồng để dài hơn 20 ký tự | G19: TRUE | I19: Ok | J19: https://docs.google.com/spreadsheets/d/1zOIjlZHAJdqlLKizt3NXUUB7_A3WzMF713_Zyu2G-cs/edit?gid=681765774#gid=681765774
D20: Số dư đầu kỳ | E20: Chưa có cột số dư đầu của dữ liệu, với các Cty làm giữa chừng | F20: Tạo danh mục số dư đầu kỳ | G20: FALSE
G21: FALSE
G22: FALSE
G23: FALSE
G24: FALSE
G25: FALSE
G26: FALSE
G27: FALSE
G28: FALSE
G29: FALSE

Sheet DATA
A1: Nhập tay | D1: Chọn | E1: Nhập tay | F1: Chọn | G1: Chọn | H1: Tự động theo nghiệp vụ | J1: Nhập tay | K1: Chọn | L1: Tự động theo mã phải thu | M1: Chọn | N1: Tự động theo mã phải trả | O1: Tự động theo nghiệp vụ | Q1: Chọn | R1: Tự động theo nghiệp vụ | S1: Chọn | T1: Tự động theo mã CĐT | U1: Chọn | V1: Tự động theo mã dự án | W1: Chọn | X1: Tự động theo mã sản phẩm | Y1: Chọn | Z1: Tự động theo mã bộ phận | AA1: Chọn | AB1: Tự động theo mã đội | AC1: Chọn | AD1: Tự động theo mã nhân viên | AE1: Chọn | AF1: Tự động theo mã dòng tiền | AG1: Nhập tay | AH1: Nhập tay | AI1: Nhập tay | AJ1: Nhập tay | AK1: Nhập tay | AL1: Chọn | AM1: Chọn | AN1: Chọn | AO1: Nhập tay | AP1: Nhập tay | AQ1: Nhập tay | AR1: Chọn | AS1: Chọn | AT1: Chọn
A2: Số PHIẾU | B2: QUÝ | C2: Tháng | D2: Ngày | E2: DIỄN GIẢI | F2: Loại giao dịch | G2: NGHIỆP VỤ/GIAO DỊCH | H2: TK NỢ | I2: TK CÓ | J2: Số tiền | K2: Mã phải thu | L2: Tên đối tượng phải thu | M2: Mã phải trả | N2: Tên đối tượng phải trả | O2: NHÓM KM | P2: NHÓM QL | Q2: Mã KHOẢN MỤC | R2: Tên khoản mục | S2: Mã CHỦ ĐẦU TƯ | T2: Tên chủ đầu tư | U2: DỰ ÁN | V2: Tên dự án | W2: SẢN PHẨM | X2: Tên sản phẩm | Y2: BỘ PHẬN | Z2: Tên bộ phận | AA2: ĐỘI | AB2: Tên đội | AC2: Mã NV | AD2: Tên nhân viên | AE2: Mã DÒNG TIỀN | AF2: Tên dòng tiền | AG2: Người giao dịch | AH2: Địa chỉ | AI2: Ghi chú | AJ2: Seri | AK2: Số | AL2: Ngày | AM2: KH/Nhà cung cấp | AN2: MST | AO2: Tên hàng hóa | AP2: Tiền hàng | AQ2: Tiền thuế | AR2: Kỳ kê khai | AS2: Biên tập hồ sơ | AT2: Ý KIẾN KIỂM SOÁT VIÊN
B3: =IF(D3="","",VLOOKUP(D3,'THAM CHIẾU'!$A:$B,2,0)) -> #N/A | C3: =if(D3<>0,TEXT(D3,"mm/yyyy"),"") -> 01/2022 | D3: 44563 | E3: Góp vốn kinh doanh bằng tài sản công cụ đầu tư ban đầu | G3: Góp vốn kinh doanh bằng công cụ, dụng cụ | H3: =IF(G3="","",VLOOKUP($G3,'Quy chuẩn hạch toán'!$B:$E,2,0)) -> 1531 | I3: =IF(H3="","",VLOOKUP($G3,'Quy chuẩn hạch toán'!$B:$E,3,0)) -> 4111 | J3: 1350000000 | AT3: Không được trừ
A4: PT | B4: =IF(D4="","",VLOOKUP(D4,'THAM CHIẾU'!$A:$B,2,0)) -> #N/A | C4: =if(D4<>0,TEXT(D4,"mm/yyyy"),"") -> 01/2022 | D4: 44563 | E4: Thu tiền hàng | G4: Phải thu vốn góp kinh doanh | H4: =IF(G4="","",VLOOKUP($G4,'Quy chuẩn hạch toán'!$B:$E,2,0)) -> 1385 | I4: =IF(H4="","",VLOOKUP($G4,'Quy chuẩn hạch toán'!$B:$E,3,0)) -> 4111 | J4: 500000000 | K4: Cường | Q4: MKT | AT4: Hợp lệ
B5: =IF(D5="","",VLOOKUP(D5,'THAM CHIẾU'!$A:$B,2,0)) -> #N/A | C5: =if(D5<>0,TEXT(D5,"mm/yyyy"),"") -> 01/2022 | D5: 44563 | H5: =IF(G5="","",VLOOKUP($G5,'Quy chuẩn hạch toán'!$B:$E,2,0)) | I5: =IF(H5="","",VLOOKUP($G5,'Quy chuẩn hạch toán'!$B:$E,3,0))
B6: =IF(D6="","",VLOOKUP(D6,'THAM CHIẾU'!$A:$B,2,0)) -> #N/A | C6: =if(D6<>0,TEXT(D6,"mm/yyyy"),"") -> 01/2022 | D6: 44563 | G6: Thu khách hàng trả trước HĐ bằng TM | H6: 112 | I6: =IF(H6="","",VLOOKUP($G6,'Quy chuẩn hạch toán'!$B:$E,3,0)) -> 131 | J6: 783565
B7: =IF(D7="","",VLOOKUP(D7,'THAM CHIẾU'!$A:$B,2,0)) -> #N/A | C7: =if(D7<>0,TEXT(D7,"mm/yyyy"),"") -> 01/2022 | D7: 44563 | G7: Thu khách hàng trả trước HĐ bằng TM | H7: =IF(G7="","",VLOOKUP($G7,'Quy chuẩn hạch toán'!$B:$E,2,0)) -> 1111 | I7: =IF(H7="","",VLOOKUP($G7,'Quy chuẩn hạch toán'!$B:$E,3,0)) -> 131
B8: =IF(D8="","",VLOOKUP(D8,'THAM CHIẾU'!$A:$B,2,0)) -> #N/A | C8: =if(D8<>0,TEXT(D8,"mm/yyyy"),"") -> 01/2022 | D8: 44563 | H8: =IF(G8="","",VLOOKUP($G8,'Quy chuẩn hạch toán'!$B:$E,2,0)) | I8: =IF(H8="","",VLOOKUP($G8,'Quy chuẩn hạch toán'!$B:$E,3,0))
B9: =IF(D9="","",VLOOKUP(D9,'THAM CHIẾU'!$A:$B,2,0)) -> #N/A | C9: =if(D9<>0,TEXT(D9,"mm/yyyy"),"") -> 01/2022 | D9: 44563 | H9: =IF(G9="","",VLOOKUP($G9,'Quy chuẩn hạch toán'!$B:$E,2,0)) | I9: =IF(H9="","",VLOOKUP($G9,'Quy chuẩn hạch toán'!$B:$E,3,0))
B10: =IF(D10="","",VLOOKUP(D10,'THAM CHIẾU'!$A:$B,2,0)) -> #N/A | C10: =if(D10<>0,TEXT(D10,"mm/yyyy"),"") -> 01/2022 | D10: 44563 | H10: =IF(G10="","",VLOOKUP($G10,'Quy chuẩn hạch toán'!$B:$E,2,0)) | I10: =IF(H10="","",VLOOKUP($G10,'Quy chuẩn hạch toán'!$B:$E,3,0))
B11: =IF(D11="","",VLOOKUP(D11,'THAM CHIẾU'!$A:$B,2,0)) -> #N/A | C11: =if(D11<>0,TEXT(D11,"mm/yyyy"),"") -> 01/2022 | D11: 44563 | H11: =IF(G11="","",VLOOKUP($G11,'Quy chuẩn hạch toán'!$B:$E,2,0)) | I11: =IF(H11="","",VLOOKUP($G11,'Quy chuẩn hạch toán'!$B:$E,3,0))
B12: =IF(D12="","",VLOOKUP(D12,'THAM CHIẾU'!$A:$B,2,0)) -> #N/A | C12: =if(D12<>0,TEXT(D12,"mm/yyyy"),"") -> 01/2022 | D12: 44563 | H12: =IF(G12="","",VLOOKUP($G12,'Quy chuẩn hạch toán'!$B:$E,2,0)) | I12: =IF(H12="","",VLOOKUP($G12,'Quy chuẩn hạch toán'!$B:$E,3,0))
B13: =IF(D13="","",VLOOKUP(D13,'THAM CHIẾU'!$A:$B,2,0)) -> #N/A | C13: =if(D13<>0,TEXT(D13,"mm/yyyy"),"") -> 01/2022 | D13: 44563 | E13: (c Xuân) Đón 482-Phước Đông- Hồ Tràm- Cảng cá =2.500 đội Quân | G13: Chi phí bán hàng chưa thanh toán | H13: =IF(G13="","",VLOOKUP($G13,'Quy chuẩn hạch toán'!$B:$E,2,0)) -> 641 | I13: =IF(H13="","",VLOOKUP($G13,'Quy chuẩn hạch toán'!$B:$E,3,0)) -> 331 | J13: 2500000 | O13: =IF($Q13<>0,VLOOKUP($Q13,DM_KM,3,0),"") -> #N/A | P13: =IF($Q13<>0,VLOOKUP($Q13,DM_KM,5,0),"") -> #N/A | Q13: THUEXE | R13: =IF(S13<>0,VLOOKUP(S13,DM_DUAN,3,0),"") -> #N/A | S13: =IF(U13<>0,VLOOKUP(U13,DM_DUAN,3,0),"") -> THANHNAM | U13: PHUOCHOI | V13: =IF(W13<>0,VLOOKUP(W13,DM_DUAN,3,0),"") | X13: =IF(Y13<>0,VLOOKUP(Y13,DM_DUAN,3,0),"") -> #N/A | Y13: BP.KD | Z13: =IF(AA13<>0,VLOOKUP(AA13,DM_DUAN,3,0),"") -> #N/A | AA13: QUAN | AB13: =IF(AC13<>0,VLOOKUP(AC13,DM_DUAN,3,0),"") -> #N/A | AC13: L0006 | AD13: =IF(AC13<>0,VLOOKUP(AC13,DM_NV,2,0),"") -> Lê Hoàng Quân | AF13: =IF(AE13<>0,VLOOKUP(AE13,DM_NV,2,0),"")
B14: =IF(D14="","",VLOOKUP(D14,'THAM CHIẾU'!$A:$B,2,0)) -> #N/A | C14: =if(D14<>0,TEXT(D14,"mm/yyyy"),"") -> 01/2022 | D14: 44563 | E14: LK5-15 - Vy - Chiết khấu | G14: Chiết khấu hàng bán | H14: =IF(G14="","",VLOOKUP($G14,'Quy chuẩn hạch toán'!$B:$E,2,0)) -> 521 | I14: =IF(H14="","",VLOOKUP($G14,'Quy chuẩn hạch toán'!$B:$E,3,0)) -> 131 | J14: 8000000 | O14: =IF($Q14<>0,VLOOKUP($Q14,DM_KM,3,0),"") -> #N/A | P14: =IF($Q14<>0,VLOOKUP($Q14,DM_KM,5,0),"") -> #N/A | Q14: CHIETKHAU | U14: PHUOCHOI | W14: PH.LK5-15 | Y14: BP.KD | AA14: VY | AD14: =IF(AC14<>0,VLOOKUP(AC14,DM_NV,2,0),"") | AF14: =IF(AE14<>0,VLOOKUP(AE14,DM_NV,2,0),"") | AG14: TT online
B15: =IF(D15="","",VLOOKUP(D15,'THAM CHIẾU'!$A:$B,2,0)) -> #N/A | C15: =if(D15<>0,TEXT(D15,"mm/yyyy"),"") -> 01/2022 | D15: 44563 | E15: LK5-15 - Vy - HH Sàn | G15: Ghi nhận doanh thu bán hàng chưa thu tiền | H15: =IF(G15="","",VLOOKUP($G15,'Quy chuẩn hạch toán'!$B:$E,2,0)) -> 131 | I15: =IF(H15="","",VLOOKUP($G15,'Quy chuẩn hạch toán'!$B:$E,3,0)) -> 5113 | J15: 160000000 | O15: =IF($Q15<>0,VLOOKUP($Q15,DM_KM,3,0),"") -> 511_TK | P15: =IF($Q15<>0,VLOOKUP($Q15,DM_KM,5,0),"") -> 511 | Q15: DOANHTHU | R15: =IF(S15<>0,VLOOKUP(S15,DM_DUAN,3,0),"") -> #N/A | S15: =IF(U15<>0,VLOOKUP(U15,DM_DUAN,3,0),"") -> THANHNAM | U15: PHUOCHOI | V15: =IF(W15<>0,VLOOKUP(W15,DM_DUAN,3,0),"") -> #N/A | W15: PH.LK5-15 | X15: =IF(Y15<>0,VLOOKUP(Y15,DM_DUAN,3,0),"") | Z15: =IF(AA15<>0,VLOOKUP(AA15,DM_DUAN,3,0),"") -> #N/A | AA15: VY | AB15: =IF(AC15<>0,VLOOKUP(AC15,DM_DUAN,3,0),"") | AD15: =IF(AC15<>0,VLOOKUP(AC15,DM_NV,2,0),"") | AF15: =IF(AE15<>0,VLOOKUP(AE15,DM_NV,2,0),"")
B16: =IF(D16="","",VLOOKUP(D16,'THAM CHIẾU'!$A:$B,2,0)) -> #N/A | C16: =if(D16<>0,TEXT(D16,"mm/yyyy"),"") -> 01/2022 | D16: 44563 | E16: LK5-15 - Vy - HHNV | G16: Phải trả hoa hồng nhân viên | H16: =IF(G16="","",VLOOKUP($G16,'Quy chuẩn hạch toán'!$B:$E,2,0)) -> 154 | I16: =IF(H16="","",VLOOKUP($G16,'Quy chuẩn hạch toán'!$B:$E,3,0)) -> 3345 | J16: 62000000 | O16: =IF($Q16<>0,VLOOKUP($Q16,DM_KM,3,0),"") -> #N/A | P16: =IF($Q16<>0,VLOOKUP($Q16,DM_KM,5,0),"") -> #N/A | Q16: HOAHONGNV | R16: =IF(S16<>0,VLOOKUP(S16,DM_DUAN,3,0),"") -> #N/A | S16: =IF(U16<>0,VLOOKUP(U16,DM_DUAN,3,0),"") -> THANHNAM | U16: PHUOCHOI | V16: =IF(W16<>0,VLOOKUP(W16,DM_DUAN,3,0),"") -> #N/A | W16: PH.LK5-15 | X16: =IF(Y16<>0,VLOOKUP(Y16,DM_DUAN,3,0),"") -> #N/A | Y16: BP.KD | Z16: =IF(AA16<>0,VLOOKUP(AA16,DM_DUAN,3,0),"") -> #N/A | AA16: VY | AB16: =IF(AC16<>0,VLOOKUP(AC16,DM_DUAN,3,0),"") -> #N/A | AC16: L0004 | AD16: =IF(AC16<>0,VLOOKUP(AC16,DM_NV,2,0),"") -> Nguyễn Anh Vy | AF16: =IF(AE16<>0,VLOOKUP(AE16,DM_NV,2,0),"")
B17: =IF(D17="","",VLOOKUP(D17,'THAM CHIẾU'!$A:$B,2,0)) -> #N/A | C17: =if(D17<>0,TEXT(D17,"mm/yyyy"),"") -> 01/2022 | D17: 44563 | E17: LK5-15 - Vy - HHTP | G17: Phải trả hoa hồng trưởng phòng | H17: =IF(G17="","",VLOOKUP($G17,'Quy chuẩn hạch toán'!$B:$E,2,0)) -> 154 | I17: =IF(H17="","",VLOOKUP($G17,'Quy chuẩn hạch toán'!$B:$E,3,0)) -> 3344 | J17: 4500000 | O17: =IF($Q17<>0,VLOOKUP($Q17,DM_KM,3,0),"") -> #N/A | P17: =IF($Q17<>0,VLOOKUP($Q17,DM_KM,5,0),"") -> #N/A | Q17: HOAHONGLD | R17: =IF(S17<>0,VLOOKUP(S17,DM_DUAN,3,0),"") -> #N/A | S17: =IF(U17<>0,VLOOKUP(U17,DM_DUAN,3,0),"") -> THANHNAM | U17: PHUOCHOI | V17: =IF(W17<>0,VLOOKUP(W17,DM_DUAN,3,0),"") -> #N/A | W17: PH.LK5-15 | X17: =IF(Y17<>0,VLOOKUP(Y17,DM_DUAN,3,0),"") -> #N/A | Y17: BP.KD | Z17: =IF(AA17<>0,VLOOKUP(AA17,DM_DUAN,3,0),"") -> #N/A | AA17: VY | AB17: =IF(AC17<>0,VLOOKUP(AC17,DM_DUAN,3,0),"") -> #N/A | AC17: S0011 | AD17: =IF(AC17<>0,VLOOKUP(AC17,DM_NV,2,0),"") -> Phan Thị Thùy Mai | AF17: =IF(AE17<>0,VLOOKUP(AE17,DM_NV,2,0),"")
B18: =IF(D18="","",VLOOKUP(D18,'THAM CHIẾU'!$A:$B,2,0)) -> #N/A | C18: =if(D18<>0,TEXT(D18,"mm/yyyy"),"") -> 01/2022 | D18: 44563 | E18: LK5-15 - Vy - Ký HĐ | G18: Ghi nhận doanh số hàng bán | H18: =IF(G18="","",VLOOKUP($G18,'Quy chuẩn hạch toán'!$B:$E,2,0)) -> #N/A | I18: =IF(H18="","",VLOOKUP($G18,'Quy chuẩn hạch toán'!$B:$E,3,0)) -> #N/A | J18: 1750000000 | O18: =IF($Q18<>0,VLOOKUP($Q18,DM_KM,3,0),"") -> #N/A | P18: =IF($Q18<>0,VLOOKUP($Q18,DM_KM,5,0),"") -> #N/A | Q18: DOANHSO | R18: =IF(S18<>0,VLOOKUP(S18,DM_DUAN,3,0),"") -> #N/A | S18: =IF(U18<>0,VLOOKUP(U18,DM_DUAN,3,0),"") -> THANHNAM | U18: PHUOCHOI | V18: =IF(W18<>0,VLOOKUP(W18,DM_DUAN,3,0),"") -> #N/A | W18: PH.LK5-15 | X18: =IF(Y18<>0,VLOOKUP(Y18,DM_DUAN,3,0),"") -> #N/A | Y18: BP.KD | Z18: =IF(AA18<>0,VLOOKUP(AA18,DM_DUAN,3,0),"") -> #N/A | AA18: VY | AB18: =IF(AC18<>0,VLOOKUP(AC18,DM_DUAN,3,0),"") -> #N/A | AC18: L0004 | AD18: =IF(AC18<>0,VLOOKUP(AC18,DM_NV,2,0),"") -> Nguyễn Anh Vy | AF18: =IF(AE18<>0,VLOOKUP(AE18,DM_NV,2,0),"") | AG18: TT online
B19: =IF(D19="","",VLOOKUP(D19,'THAM CHIẾU'!$A:$B,2,0)) -> #N/A | C19: =if(D19<>0,TEXT(D19,"mm/yyyy"),"") -> 01/2022 | D19: 44563 | E19: LK5-15 - Vy - Phí hỗ trợ | G19: Chi phí hỗ trợ quản lý | H19: =IF(G19="","",VLOOKUP($G19,'Quy chuẩn hạch toán'!$B:$E,2,0)) -> 154 | I19: =IF(H19="","",VLOOKUP($G19,'Quy chuẩn hạch toán'!$B:$E,3,0)) -> 3343 | J19: 1000000 | O19: =IF($Q19<>0,VLOOKUP($Q19,DM_KM,3,0),"") -> #N/A | P19: =IF($Q19<>0,VLOOKUP($Q19,DM_KM,5,0),"") -> #N/A | Q19: HTQL | U19: PHUOCHOI | W19: PH.LK5-15 | AA19: VY | AD19: =IF(AC19<>0,VLOOKUP(AC19,DM_NV,2,0),"") | AF19: =IF(AE19<>0,VLOOKUP(AE19,DM_NV,2,0),"")
B20: =IF(D20="","",VLOOKUP(D20,'THAM CHIẾU'!$A:$B,2,0)) -> #N/A | C20: =if(D20<>0,TEXT(D20,"mm/yyyy"),"") -> 01/2022 | D20: 44563 | E20: LK5-15 - Vy - Trích 8% | H20: =IF(G20="","",VLOOKUP($G20,'Quy chuẩn hạch toán'!$B:$E,2,0)) | I20: =IF(H20="","",VLOOKUP($G20,'Quy chuẩn hạch toán'!$B:$E,3,0)) | J20: 12000000 | O20: =IF($Q20<>0,VLOOKUP($Q20,DM_KM,3,0),"") -> #N/A | P20: =IF($Q20<>0,VLOOKUP($Q20,DM_KM,5,0),"") -> #N/A | Q20: QUY8% | R20: =IF(S20<>0,VLOOKUP(S20,DM_DUAN,3,0),"") -> #N/A | S20: =IF(U20<>0,VLOOKUP(U20,DM_DUAN,3,0),"") -> THANHNAM | U20: PHUOCHOI | V20: =IF(W20<>0,VLOOKUP(W20,DM_DUAN,3,0),"") -> #N/A | W20: PH.LK5-15 | X20: =IF(Y20<>0,VLOOKUP(Y20,DM_DUAN,3,0),"") | Z20: =IF(AA20<>0,VLOOKUP(AA20,DM_DUAN,3,0),"") -> #N/A | AA20: VY | AB20: =IF(AC20<>0,VLOOKUP(AC20,DM_DUAN,3,0),"") | AD20: =IF(AC20<>0,VLOOKUP(AC20,DM_NV,2,0),"") | AF20: =IF(AE20<>0,VLOOKUP(AE20,DM_NV,2,0),"")
B21: =IF(D21="","",VLOOKUP(D21,'THAM CHIẾU'!$A:$B,2,0)) -> #N/A | C21: =if(D21<>0,TEXT(D21,"mm/yyyy"),"") -> 01/2022 | D21: 44563 | E21: Thanh toán cước Internet - line 1: t008_gftth_thynna8 | G21: Thanh toán tiền mua DV ngoài cho công tác Quản lý | H21: =IF(G21="","",VLOOKUP($G21,'Quy chuẩn hạch toán'!$B:$E,2,0)) -> 642 | I21: =IF(H21="","",VLOOKUP($G21,'Quy chuẩn hạch toán'!$B:$E,3,0)) -> 1111 | J21: 57143 | O21: =IF($Q21<>0,VLOOKUP($Q21,DM_KM,3,0),"") -> #N/A | P21: =IF($Q21<>0,VLOOKUP($Q21,DM_KM,5,0),"") -> #N/A | Q21: INTERNET | R21: =IF(S21<>0,VLOOKUP(S21,DM_DUAN,3,0),"") -> #N/A | S21: =IF(U21<>0,VLOOKUP(U21,DM_DUAN,3,0),"") | V21: =IF(W21<>0,VLOOKUP(W21,DM_DUAN,3,0),"") | X21: =IF(Y21<>0,VLOOKUP(Y21,DM_DUAN,3,0),"") -> #N/A | Y21: BP.HC-NS | Z21: =IF(AA21<>0,VLOOKUP(AA21,DM_DUAN,3,0),"") -> #N/A | AA21: THU | AB21: =IF(AC21<>0,VLOOKUP(AC21,DM_DUAN,3,0),"") | AD21: =IF(AC21<>0,VLOOKUP(AC21,DM_NV,2,0),"") | AE21: VIENTHONG | AF21: =IF(AE21<>0,VLOOKUP(AE21,DM_NV,2,0),"") -> #N/A
B22: =IF(D22="","",VLOOKUP(D22,'THAM CHIẾU'!$A:$B,2,0)) -> #N/A | C22: =if(D22<>0,TEXT(D22,"mm/yyyy"),"") -> 01/2022 | D22: 44563 | E22: Thanh toán cước Internet - line 1: t008_gftth_thynna8 | G22: Thanh toán tiền mua DV ngoài cho công tác Quản lý | H22: =IF(G22="","",VLOOKUP($G22,'Quy chuẩn hạch toán'!$B:$E,2,0)) -> 642 | I22: =IF(H22="","",VLOOKUP($G22,'Quy chuẩn hạch toán'!$B:$E,3,0)) -> 1111 | J22: 38095 | O22: =IF($Q22<>0,VLOOKUP($Q22,DM_KM,3,0),"") -> #N/A | P22: =IF($Q22<>0,VLOOKUP($Q22,DM_KM,5,0),"") -> #N/A | Q22: INTERNET | R22: =IF(S22<>0,VLOOKUP(S22,DM_DUAN,3,0),"") -> #N/A | S22: =IF(U22<>0,VLOOKUP(U22,DM_DUAN,3,0),"") | V22: =IF(W22<>0,VLOOKUP(W22,DM_DUAN,3,0),"") | X22: =IF(Y22<>0,VLOOKUP(Y22,DM_DUAN,3,0),"") -> #N/A | Y22: BP.HC-NS | Z22: =IF(AA22<>0,VLOOKUP(AA22,DM_DUAN,3,0),"") -> #N/A | AA22: NAM | AB22: =IF(AC22<>0,VLOOKUP(AC22,DM_DUAN,3,0),"") | AD22: =IF(AC22<>0,VLOOKUP(AC22,DM_NV,2,0),"") | AE22: VIENTHONG | AF22: =IF(AE22<>0,VLOOKUP(AE22,DM_NV,2,0),"") -> #N/A
B23: =IF(D23="","",VLOOKUP(D23,'THAM CHIẾU'!$A:$B,2,0)) -> #N/A | C23: =if(D23<>0,TEXT(D23,"mm/yyyy"),"") -> 01/2022 | D23: 44563 | E23: Thanh toán cước Internet - line 1: t008_gftth_thynna8 | G23: Thanh toán tiền mua DV ngoài cho công tác Quản lý | H23: =IF(G23="","",VLOOKUP($G23,'Quy chuẩn hạch toán'!$B:$E,2,0)) -> 642 | I23: =IF(H23="","",VLOOKUP($G23,'Quy chuẩn hạch toán'!$B:$E,3,0)) -> 1111 | J23: 76190 | O23: =IF($Q23<>0,VLOOKUP($Q23,DM_KM,3,0),"") -> #N/A | P23: =IF($Q23<>0,VLOOKUP($Q23,DM_KM,5,0),"") -> #N/A | Q23: INTERNET | R23: =IF(S23<>0,VLOOKUP(S23,DM_DUAN,3,0),"") -> #N/A | S23: =IF(U23<>0,VLOOKUP(U23,DM_DUAN,3,0),"") | V23: =IF(W23<>0,VLOOKUP(W23,DM_DUAN,3,0),"") | X23: =IF(Y23<>0,VLOOKUP(Y23,DM_DUAN,3,0),"") -> #N/A | Y23: BP.HC-NS | Z23: =IF(AA23<>0,VLOOKUP(AA23,DM_DUAN,3,0),"") -> #N/A | AA23: VY | AB23: =IF(AC23<>0,VLOOKUP(AC23,DM_DUAN,3,0),"") | AD23: =IF(AC23<>0,VLOOKUP(AC23,DM_NV,2,0),"") | AE23: VIENTHONG | AF23: =IF(AE23<>0,VLOOKUP(AE23,DM_NV,2,0),"") -> #N/A
B24: =IF(D24="","",VLOOKUP(D24,'THAM CHIẾU'!$A:$B,2,0)) -> #N/A | C24: =if(D24<>0,TEXT(D24,"mm/yyyy"),"") -> 01/2022 | D24: 44563 | E24: Thanh toán cước Internet - line 1: t008_gftth_thynna8 | G24: Thanh toán tiền mua DV ngoài cho công tác Quản lý | H24: =IF(G24="","",VLOOKUP($G24,'Quy chuẩn hạch toán'!$B:$E,2,0)) -> 642 | I24: =IF(H24="","",VLOOKUP($G24,'Quy chuẩn hạch toán'!$B:$E,3,0)) -> 1111 | J24: 28571 | O24: =IF($Q24<>0,VLOOKUP($Q24,DM_KM,3,0),"") -> #N/A | P24: =IF($Q24<>0,VLOOKUP($Q24,DM_KM,5,0),"") -> #N/A | Q24: INTERNET | R24: =IF(S24<>0,VLOOKUP(S24,DM_DUAN,3,0),"") -> #N/A | S24: =IF(U24<>0,VLOOKUP(U24,DM_DUAN,3,0),"") | V24: =IF(W24<>0,VLOOKUP(W24,DM_DUAN,3,0),"") | X24: =IF(Y24<>0,VLOOKUP(Y24,DM_DUAN,3,0),"") -> #N/A | Y24: BP.HC-NS | Z24: =IF(AA24<>0,VLOOKUP(AA24,DM_DUAN,3,0),"") -> #N/A | AA24: QUAN | AB24: =IF(AC24<>0,VLOOKUP(AC24,DM_DUAN,3,0),"") | AD24: =IF(AC24<>0,VLOOKUP(AC24,DM_NV,2,0),"") | AE24: VIENTHONG | AF24: =IF(AE24<>0,VLOOKUP(AE24,DM_NV,2,0),"") -> #N/A | AG24: Anh
B25: =IF(D25="","",VLOOKUP(D25,'THAM CHIẾU'!$A:$B,2,0)) -> #N/A | C25: =if(D25<>0,TEXT(D25,"mm/yyyy"),"") -> 01/2022 | D25: 44563 | E25: Thanh toán cước Internet - line 2: t008_gftth_thuntm408 | G25: Thanh toán tiền mua DV ngoài cho công tác Quản lý | H25: =IF(G25="","",VLOOKUP($G25,'Quy chuẩn hạch toán'!$B:$E,2,0)) -> 642 | I25: =IF(H25="","",VLOOKUP($G25,'Quy chuẩn hạch toán'!$B:$E,3,0)) -> 1111 | J25: 251429 | O25: =IF($Q25<>0,VLOOKUP($Q25,DM_KM,3,0),"") -> #N/A | P25: =IF($Q25<>0,VLOOKUP($Q25,DM_KM,5,0),"") -> #N/A | Q25: INTERNET | R25: =IF(S25<>0,VLOOKUP(S25,DM_DUAN,3,0),"") -> #N/A | S25: =IF(U25<>0,VLOOKUP(U25,DM_DUAN,3,0),"") | V25: =IF(W25<>0,VLOOKUP(W25,DM_DUAN,3,0),"") | X25: =IF(Y25<>0,VLOOKUP(Y25,DM_DUAN,3,0),"") -> #N/A | Y25: BP.HC-NS | Z25: =IF(AA25<>0,VLOOKUP(AA25,DM_DUAN,3,0),"") -> #N/A | AA25: THU | AB25: =IF(AC25<>0,VLOOKUP(AC25,DM_DUAN,3,0),"") | AD25: =IF(AC25<>0,VLOOKUP(AC25,DM_NV,2,0),"") | AE25: VIENTHONG | AF25: =IF(AE25<>0,VLOOKUP(AE25,DM_NV,2,0),"") -> #N/A
B26: =IF(D26="","",VLOOKUP(D26,'THAM CHIẾU'!$A:$B,2,0)) -> #N/A | C26: =if(D26<>0,TEXT(D26,"mm/yyyy"),"") -> 01/2022 | D26: 44563 | E26: Thanh toán cước Internet - line 2: t008_gftth_thuntm408 | G26: Thanh toán tiền mua DV ngoài cho công tác Quản lý | H26: =IF(G26="","",VLOOKUP($G26,'Quy chuẩn hạch toán'!$B:$E,2,0)) -> 642 | I26: =IF(H26="","",VLOOKUP($G26,'Quy chuẩn hạch toán'!$B:$E,3,0)) -> 1111 | J26: 167619 | O26: =IF($Q26<>0,VLOOKUP($Q26,DM_KM,3,0),"") -> #N/A | P26: =IF($Q26<>0,VLOOKUP($Q26,DM_KM,5,0),"") -> #N/A | Q26: INTERNET | R26: =IF(S26<>0,VLOOKUP(S26,DM_DUAN,3,0),"") -> #N/A | S26: =IF(U26<>0,VLOOKUP(U26,DM_DUAN,3,0),"") | V26: =IF(W26<>0,VLOOKUP(W26,DM_DUAN,3,0),"") | X26: =IF(Y26<>0,VLOOKUP(Y26,DM_DUAN,3,0),"") -> #N/A | Y26: BP.HC-NS | Z26: =IF(AA26<>0,VLOOKUP(AA26,DM_DUAN,3,0),"") -> #N/A | AA26: NAM | AB26: =IF(AC26<>0,VLOOKUP(AC26,DM_DUAN,3,0),"") | AD26: =IF(AC26<>0,VLOOKUP(AC26,DM_NV,2,0),"") | AE26: VIENTHONG | AF26: =IF(AE26<>0,VLOOKUP(AE26,DM_NV,2,0),"") -> #N/A
B27: =IF(D27="","",VLOOKUP(D27,'THAM CHIẾU'!$A:$B,2,0)) -> #N/A | C27: =if(D27<>0,TEXT(D27,"mm/yyyy"),"") -> 01/2022 | D27: 44563 | E27: Thanh toán cước Internet - line 2: t008_gftth_thuntm408 | G27: Thanh toán tiền mua DV ngoài cho công tác Quản lý | H27: =IF(G27="","",VLOOKUP($G27,'Quy chuẩn hạch toán'!$B:$E,2,0)) -> 642 | I27: =IF(H27="","",VLOOKUP($G27,'Quy chuẩn hạch toán'!$B:$E,3,0)) -> 1111 | J27: 335238 | O27: =IF($Q27<>0,VLOOKUP($Q27,DM_KM,3,0),"") -> #N/A | P27: =IF($Q27<>0,VLOOKUP($Q27,DM_KM,5,0),"") -> #N/A | Q27: INTERNET | R27: =IF(S27<>0,VLOOKUP(S27,DM_DUAN,3,0),"") -> #N/A | S27: =IF(U27<>0,VLOOKUP(U27,DM_DUAN,3,0),"") | V27: =IF(W27<>0,VLOOKUP(W27,DM_DUAN,3,0),"") | X27: =IF(Y27<>0,VLOOKUP(Y27,DM_DUAN,3,0),"") -> #N/A | Y27: BP.HC-NS | Z27: =IF(AA27<>0,VLOOKUP(AA27,DM_DUAN,3,0),"") -> #N/A | AA27: VY | AB27: =IF(AC27<>0,VLOOKUP(AC27,DM_DUAN,3,0),"") | AD27: =IF(AC27<>0,VLOOKUP(AC27,DM_NV,2,0),"") | AE27: VIENTHONG | AF27: =IF(AE27<>0,VLOOKUP(AE27,DM_NV,2,0),"") -> #N/A
B28: =IF(D28="","",VLOOKUP(D28,'THAM CHIẾU'!$A:$B,2,0)) -> #N/A | C28: =if(D28<>0,TEXT(D28,"mm/yyyy"),"") -> 01/2022 | D28: 44563 | E28: Thanh toán cước Internet - line 2: t008_gftth_thuntm408 | G28: Thanh toán tiền mua DV ngoài cho công tác Quản lý | H28: =IF(G28="","",VLOOKUP($G28,'Quy chuẩn hạch toán'!$B:$E,2,0)) -> 642 | I28: =IF(H28="","",VLOOKUP($G28,'Quy chuẩn hạch toán'!$B:$E,3,0)) -> 1111 | J28: 125714 | O28: =IF($Q28<>0,VLOOKUP($Q28,DM_KM,3,0),"") -> #N/A | P28: =IF($Q28<>0,VLOOKUP($Q28,DM_KM,5,0),"") -> #N/A | Q28: INTERNET | R28: =IF(S28<>0,VLOOKUP(S28,DM_DUAN,3,0),"") -> #N/A | S28: =IF(U28<>0,VLOOKUP(U28,DM_DUAN,3,0),"") | V28: =IF(W28<>0,VLOOKUP(W28,DM_DUAN,3,0),"") | X28: =IF(Y28<>0,VLOOKUP(Y28,DM_DUAN,3,0),"") -> #N/A | Y28: BP.HC-NS | Z28: =IF(AA28<>0,VLOOKUP(AA28,DM_DUAN,3,0),"") -> #N/A | AA28: QUAN | AB28: =IF(AC28<>0,VLOOKUP(AC28,DM_DUAN,3,0),"") | AD28: =IF(AC28<>0,VLOOKUP(AC28,DM_NV,2,0),"") | AE28: VIENTHONG | AF28: =IF(AE28<>0,VLOOKUP(AE28,DM_NV,2,0),"") -> #N/A | AG28: Cô Tuyết
B29: =IF(D29="","",VLOOKUP(D29,'THAM CHIẾU'!$A:$B,2,0)) -> #N/A | C29: =if(D29<>0,TEXT(D29,"mm/yyyy"),"") -> 01/2022 | D29: 44563 | E29: Xe Nam chở khách đội Quân: 482-Q1-Phước Đông-Lê Minh Xuân BC <=> | G29: Chi phí bán hàng chưa thanh toán | H29: =IF(G29="","",VLOOKUP($G29,'Quy chuẩn hạch toán'!$B:$E,2,0)) -> 641 | I29: =IF(H29="","",VLOOKUP($G29,'Quy chuẩn hạch toán'!$B:$E,3,0)) -> 331 | J29: 1540000 | O29: =IF($Q29<>0,VLOOKUP($Q29,DM_KM,3,0),"") -> #N/A | P29: =IF($Q29<>0,VLOOKUP($Q29,DM_KM,5,0),"") -> #N/A | Q29: THUEXE | R29: =IF(S29<>0,VLOOKUP(S29,DM_DUAN,3,0),"") -> #N/A | S29: =IF(U29<>0,VLOOKUP(U29,DM_DUAN,3,0),"") -> NAMSAIGON | U29: PHUOCDONG | V29: =IF(W29<>0,VLOOKUP(W29,DM_DUAN,3,0),"") | X29: =IF(Y29<>0,VLOOKUP(Y29,DM_DUAN,3,0),"") -> #N/A | Y29: BP.KD | Z29: =IF(AA29<>0,VLOOKUP(AA29,DM_DUAN,3,0),"") -> #N/A | AA29: QUAN | AB29: =IF(AC29<>0,VLOOKUP(AC29,DM_DUAN,3,0),"") -> #N/A | AC29: L0006 | AD29: =IF(AC29<>0,VLOOKUP(AC29,DM_NV,2,0),"") -> Lê Hoàng Quân | AF29: =IF(AE29<>0,VLOOKUP(AE29,DM_NV,2,0),"")
B30: =IF(D30="","",VLOOKUP(D30,'THAM CHIẾU'!$A:$B,2,0)) -> #N/A | C30: =if(D30<>0,TEXT(D30,"mm/yyyy"),"") -> 01/2022 | D30: 44563 | E30: Xe ngoài chở khách đội Thu đi 482-Phước Đông <=> | G30: Chi phí bán hàng chưa thanh toán | H30: =IF(G30="","",VLOOKUP($G30,'Quy chuẩn hạch toán'!$B:$E,2,0)) -> 641 | I30: =IF(H30="","",VLOOKUP($G30,'Quy chuẩn hạch toán'!$B:$E,3,0)) -> 331 | J30: 1380000 | O30: =IF($Q30<>0,VLOOKUP($Q30,DM_KM,3,0),"") -> #N/A | P30: =IF($Q30<>0,VLOOKUP($Q30,DM_KM,5,0),"") -> #N/A | Q30: THUEXE | R30: =IF(S30<>0,VLOOKUP(S30,DM_DUAN,3,0),"") -> #N/A | S30: =IF(U30<>0,VLOOKUP(U30,DM_DUAN,3,0),"") -> NAMSAIGON | U30: PHUOCDONG | V30: =IF(W30<>0,VLOOKUP(W30,DM_DUAN,3,0),"") | X30: =IF(Y30<>0,VLOOKUP(Y30,DM_DUAN,3,0),"") -> #N/A | Y30: BP.KD | Z30: =IF(AA30<>0,VLOOKUP(AA30,DM_DUAN,3,0),"") -> #N/A | AA30: THU | AB30: =IF(AC30<>0,VLOOKUP(AC30,DM_DUAN,3,0),"") -> #N/A | AC30: L0002 | AD30: =IF(AC30<>0,VLOOKUP(AC30,DM_NV,2,0),"") -> Nguyễn Thị Mai Thu | AF30: =IF(AE30<>0,VLOOKUP(AE30,DM_NV,2,0),"")
B31: =IF(D31="","",VLOOKUP(D31,'THAM CHIẾU'!$A:$B,2,0)) -> #N/A | C31: =if(D31<>0,TEXT(D31,"mm/yyyy"),"") -> 01/2022 | D31: 44564 | E31: Mua hoa + trái cây ông Địa M1/12 | G31: Thanh toán tiền mua DV ngoài cho công tác Quản lý | H31: =IF(G31="","",VLOOKUP($G31,'Quy chuẩn hạch toán'!$B:$E,2,0)) -> 642 | I31: =IF(H31="","",VLOOKUP($G31,'Quy chuẩn hạch toán'!$B:$E,3,0)) -> 1111 | J31: 57143 | O31: =IF($Q31<>0,VLOOKUP($Q31,DM_KM,3,0),"") -> #N/A | P31: =IF($Q31<>0,VLOOKUP($Q31,DM_KM,5,0),"") -> #N/A | Q31: THOCUNG | R31: =IF(S31<>0,VLOOKUP(S31,DM_DUAN,3,0),"") -> #N/A | S31: =IF(U31<>0,VLOOKUP(U31,DM_DUAN,3,0),"") | V31: =IF(W31<>0,VLOOKUP(W31,DM_DUAN,3,0),"") | X31: =IF(Y31<>0,VLOOKUP(Y31,DM_DUAN,3,0),"") -> #N/A | Y31: BP.HC-NS | Z31: =IF(AA31<>0,VLOOKUP(AA31,DM_DUAN,3,0),"") -> #N/A | AA31: THU | AB31: =IF(AC31<>0,VLOOKUP(AC31,DM_DUAN,3,0),"") | AD31: =IF(AC31<>0,VLOOKUP(AC31,DM_NV,2,0),"") | AE31: MUANGOAI | AF31: =IF(AE31<>0,VLOOKUP(AE31,DM_NV,2,0),"") -> #N/A
B32: =IF(D32="","",VLOOKUP(D32,'THAM CHIẾU'!$A:$B,2,0)) -> #N/A | C32: =if(D32<>0,TEXT(D32,"mm/yyyy"),"") -> 01/2022 | D32: 44564 | E32: Mua hoa + trái cây ông Địa M1/12 | G32: Thanh toán tiền mua DV ngoài cho công tác Quản lý | H32: =IF(G32="","",VLOOKUP($G32,'Quy chuẩn hạch toán'!$B:$E,2,0)) -> 642 | I32: =IF(H32="","",VLOOKUP($G32,'Quy chuẩn hạch toán'!$B:$E,3,0)) -> 1111 | J32: 38095 | O32: =IF($Q32<>0,VLOOKUP($Q32,DM_KM,3,0),"") -> #N/A | P32: =IF($Q32<>0,VLOOKUP($Q32,DM_KM,5,0),"") -> #N/A | Q32: THOCUNG | R32: =IF(S32<>0,VLOOKUP(S32,DM_DUAN,3,0),"") -> #N/A | S32: =IF(U32<>0,VLOOKUP(U32,DM_DUAN,3,0),"") | V32: =IF(W32<>0,VLOOKUP(W32,DM_DUAN,3,0),"") | X32: =IF(Y32<>0,VLOOKUP(Y32,DM_DUAN,3,0),"") -> #N/A | Y32: BP.HC-NS | Z32: =IF(AA32<>0,VLOOKUP(AA32,DM_DUAN,3,0),"") -> #N/A | AA32: NAM | AB32: =IF(AC32<>0,VLOOKUP(AC32,DM_DUAN,3,0),"") | AD32: =IF(AC32<>0,VLOOKUP(AC32,DM_NV,2,0),"") | AE32: MUANGOAI | AF32: =IF(AE32<>0,VLOOKUP(AE32,DM_NV,2,0),"") -> #N/A
B33: =IF(D33="","",VLOOKUP(D33,'THAM CHIẾU'!$A:$B,2,0)) -> #N/A | C33: =if(D33<>0,TEXT(D33,"mm/yyyy"),"") -> 01/2022 | D33: 44564 | E33: Mua hoa + trái cây ông Địa M1/12 | G33: Thanh toán tiền mua DV ngoài cho công tác Quản lý | H33: =IF(G33="","",VLOOKUP($G33,'Quy chuẩn hạch toán'!$B:$E,2,0)) -> 642 | I33: =IF(H33="","",VLOOKUP($G33,'Quy chuẩn hạch toán'!$B:$E,3,0)) -> 1111 | J33: 76190 | O33: =IF($Q33<>0,VLOOKUP($Q33,DM_KM,3,0),"") -> #N/A | P33: =IF($Q33<>0,VLOOKUP($Q33,DM_KM,5,0),"") -> #N/A | Q33: THOCUNG | R33: =IF(S33<>0,VLOOKUP(S33,DM_DUAN,3,0),"") -> #N/A | S33: =IF(U33<>0,VLOOKUP(U33,DM_DUAN,3,0),"") | V33: =IF(W33<>0,VLOOKUP(W33,DM_DUAN,3,0),"") | X33: =IF(Y33<>0,VLOOKUP(Y33,DM_DUAN,3,0),"") -> #N/A | Y33: BP.HC-NS | Z33: =IF(AA33<>0,VLOOKUP(AA33,DM_DUAN,3,0),"") -> #N/A | AA33: VY | AB33: =IF(AC33<>0,VLOOKUP(AC33,DM_DUAN,3,0),"") | AD33: =IF(AC33<>0,VLOOKUP(AC33,DM_NV,2,0),"") | AE33: MUANGOAI | AF33: =IF(AE33<>0,VLOOKUP(AE33,DM_NV,2,0),"") -> #N/A
B34: =IF(D34="","",VLOOKUP(D34,'THAM CHIẾU'!$A:$B,2,0)) -> #N/A | C34: =if(D34<>0,TEXT(D34,"mm/yyyy"),"") -> 01/2022 | D34: 44564 | E34: Mua hoa + trái cây ông Địa M1/12 | G34: Thanh toán tiền mua DV ngoài cho công tác Quản lý | H34: =IF(G34="","",VLOOKUP($G34,'Quy chuẩn hạch toán'!$B:$E,2,0)) -> 642 | I34: =IF(H34="","",VLOOKUP($G34,'Quy chuẩn hạch toán'!$B:$E,3,0)) -> 1111 | J34: 28571 | O34: =IF($Q34<>0,VLOOKUP($Q34,DM_KM,3,0),"") -> #N/A | P34: =IF($Q34<>0,VLOOKUP($Q34,DM_KM,5,0),"") -> #N/A | Q34: THOCUNG | R34: =IF(S34<>0,VLOOKUP(S34,DM_DUAN,3,0),"") -> #N/A | S34: =IF(U34<>0,VLOOKUP(U34,DM_DUAN,3,0),"") | V34: =IF(W34<>0,VLOOKUP(W34,DM_DUAN,3,0),"") | X34: =IF(Y34<>0,VLOOKUP(Y34,DM_DUAN,3,0),"") -> #N/A | Y34: BP.HC-NS | Z34: =IF(AA34<>0,VLOOKUP(AA34,DM_DUAN,3,0),"") -> #N/A | AA34: QUAN | AB34: =IF(AC34<>0,VLOOKUP(AC34,DM_DUAN,3,0),"") | AD34: =IF(AC34<>0,VLOOKUP(AC34,DM_NV,2,0),"") | AE34: MUANGOAI | AF34: =IF(AE34<>0,VLOOKUP(AE34,DM_NV,2,0),"") -> #N/A
B35: =IF(D35="","",VLOOKUP(D35,'THAM CHIẾU'!$A:$B,2,0)) -> #N/A | C35: =if(D35<>0,TEXT(D35,"mm/yyyy"),"") -> 01/2022 | D35: 44565 | E35: Chi mua găng tay y tế + nước lau nhà | G35: Thanh toán tiền mua DV ngoài cho công tác Quản lý | H35: =IF(G35="","",VLOOKUP($G35,'Quy chuẩn hạch toán'!$B:$E,2,0)) -> 642 | I35: =IF(H35="","",VLOOKUP($G35,'Quy chuẩn hạch toán'!$B:$E,3,0)) -> 1111 | J35: 75714 | O35: =IF($Q35<>0,VLOOKUP($Q35,DM_KM,3,0),"") -> #N/A | P35: =IF($Q35<>0,VLOOKUP($Q35,DM_KM,5,0),"") -> #N/A | Q35: VESINH | R35: =IF(S35<>0,VLOOKUP(S35,DM_DUAN,3,0),"") -> #N/A | S35: =IF(U35<>0,VLOOKUP(U35,DM_DUAN,3,0),"") | V35: =IF(W35<>0,VLOOKUP(W35,DM_DUAN,3,0),"") | X35: =IF(Y35<>0,VLOOKUP(Y35,DM_DUAN,3,0),"") -> #N/A | Y35: BP.HC-NS | Z35: =IF(AA35<>0,VLOOKUP(AA35,DM_DUAN,3,0),"") -> #N/A | AA35: THU | AB35: =IF(AC35<>0,VLOOKUP(AC35,DM_DUAN,3,0),"") | AD35: =IF(AC35<>0,VLOOKUP(AC35,DM_NV,2,0),"") | AE35: VS-ANNINH | AF35: =IF(AE35<>0,VLOOKUP(AE35,DM_NV,2,0),"") -> #N/A
B36: =IF(D36="","",VLOOKUP(D36,'THAM CHIẾU'!$A:$B,2,0)) -> #N/A | C36: =if(D36<>0,TEXT(D36,"mm/yyyy"),"") -> 01/2022 | D36: 44565 | E36: Chi mua găng tay y tế + nước lau nhà | G36: Thanh toán tiền mua DV ngoài cho công tác Quản lý | H36: =IF(G36="","",VLOOKUP($G36,'Quy chuẩn hạch toán'!$B:$E,2,0)) -> 642 | I36: =IF(H36="","",VLOOKUP($G36,'Quy chuẩn hạch toán'!$B:$E,3,0)) -> 1111 | J36: 50476 | O36: =IF($Q36<>0,VLOOKUP($Q36,DM_KM,3,0),"") -> #N/A | P36: =IF($Q36<>0,VLOOKUP($Q36,DM_KM,5,0),"") -> #N/A | Q36: VESINH | R36: =IF(S36<>0,VLOOKUP(S36,DM_DUAN,3,0),"") -> #N/A | S36: =IF(U36<>0,VLOOKUP(U36,DM_DUAN,3,0),"") | V36: =IF(W36<>0,VLOOKUP(W36,DM_DUAN,3,0),"") | X36: =IF(Y36<>0,VLOOKUP(Y36,DM_DUAN,3,0),"") -> #N/A | Y36: BP.HC-NS | Z36: =IF(AA36<>0,VLOOKUP(AA36,DM_DUAN,3,0),"") -> #N/A | AA36: NAM | AB36: =IF(AC36<>0,VLOOKUP(AC36,DM_DUAN,3,0),"") | AD36: =IF(AC36<>0,VLOOKUP(AC36,DM_NV,2,0),"") | AE36: VS-ANNINH | AF36: =IF(AE36<>0,VLOOKUP(AE36,DM_NV,2,0),"") -> #N/A
B37: =IF(D37="","",VLOOKUP(D37,'THAM CHIẾU'!$A:$B,2,0)) -> #N/A | C37: =if(D37<>0,TEXT(D37,"mm/yyyy"),"") -> 01/2022 | D37: 44565 | E37: Chi mua găng tay y tế + nước lau nhà | G37: Thanh toán tiền mua DV ngoài cho công tác Quản lý | H37: =IF(G37="","",VLOOKUP($G37,'Quy chuẩn hạch toán'!$B:$E,2,0)) -> 642 | I37: =IF(H37="","",VLOOKUP($G37,'Quy chuẩn hạch toán'!$B:$E,3,0)) -> 1111 | J37: 100952 | O37: =IF($Q37<>0,VLOOKUP($Q37,DM_KM,3,0),"") -> #N/A | P37: =IF($Q37<>0,VLOOKUP($Q37,DM_KM,5,0),"") -> #N/A | Q37: VESINH | R37: =IF(S37<>0,VLOOKUP(S37,DM_DUAN,3,0),"") -> #N/A | S37: =IF(U37<>0,VLOOKUP(U37,DM_DUAN,3,0),"") | V37: =IF(W37<>0,VLOOKUP(W37,DM_DUAN,3,0),"") | X37: =IF(Y37<>0,VLOOKUP(Y37,DM_DUAN,3,0),"") -> #N/A | Y37: BP.HC-NS | Z37: =IF(AA37<>0,VLOOKUP(AA37,DM_DUAN,3,0),"") -> #N/A | AA37: VY | AB37: =IF(AC37<>0,VLOOKUP(AC37,DM_DUAN,3,0),"") | AD37: =IF(AC37<>0,VLOOKUP(AC37,DM_NV,2,0),"") | AE37: VS-ANNINH | AF37: =IF(AE37<>0,VLOOKUP(AE37,DM_NV,2,0),"") -> #N/A
B38: =IF(D38="","",VLOOKUP(D38,'THAM CHIẾU'!$A:$B,2,0)) -> #N/A | C38: =if(D38<>0,TEXT(D38,"mm/yyyy"),"") -> 01/2022 | D38: 44565 | E38: Chi mua găng tay y tế + nước lau nhà | G38: Thanh toán tiền mua DV ngoài cho công tác Quản lý | H38: =IF(G38="","",VLOOKUP($G38,'Quy chuẩn hạch toán'!$B:$E,2,0)) -> 642 | I38: =IF(H38="","",VLOOKUP($G38,'Quy chuẩn hạch toán'!$B:$E,3,0)) -> 1111 | J38: 37857 | O38: =IF($Q38<>0,VLOOKUP($Q38,DM_KM,3,0),"") -> #N/A | P38: =IF($Q38<>0,VLOOKUP($Q38,DM_KM,5,0),"") -> #N/A | Q38: VESINH | R38: =IF(S38<>0,VLOOKUP(S38,DM_DUAN,3,0),"") -> #N/A | S38: =IF(U38<>0,VLOOKUP(U38,DM_DUAN,3,0),"") | V38: =IF(W38<>0,VLOOKUP(W38,DM_DUAN,3,0),"") | X38: =IF(Y38<>0,VLOOKUP(Y38,DM_DUAN,3,0),"") -> #N/A | Y38: BP.HC-NS | Z38: =IF(AA38<>0,VLOOKUP(AA38,DM_DUAN,3,0),"") -> #N/A | AA38: QUAN | AB38: =IF(AC38<>0,VLOOKUP(AC38,DM_DUAN,3,0),"") | AD38: =IF(AC38<>0,VLOOKUP(AC38,DM_NV,2,0),"") | AE38: VS-ANNINH | AF38: =IF(AE38<>0,VLOOKUP(AE38,DM_NV,2,0),"") -> #N/A
B39: =IF(D39="","",VLOOKUP(D39,'THAM CHIẾU'!$A:$B,2,0)) -> #N/A | C39: =if(D39<>0,TEXT(D39,"mm/yyyy"),"") -> 01/2022 | D39: 44565 | E39: Chi tiền mua nước suối xe | G39: Thanh toán tiền mua DV ngoài cho công tác Bán hàng | H39: =IF(G39="","",VLOOKUP($G39,'Quy chuẩn hạch toán'!$B:$E,2,0)) -> 154 | I39: =IF(H39="","",VLOOKUP($G39,'Quy chuẩn hạch toán'!$B:$E,3,0)) -> 1111 | J39: 87698 | O39: =IF($Q39<>0,VLOOKUP($Q39,DM_KM,3,0),"") -> #N/A | P39: =IF($Q39<>0,VLOOKUP($Q39,DM_KM,5,0),"") -> #N/A | Q39: NUOC.UONG | R39: =IF(S39<>0,VLOOKUP(S39,DM_DUAN,3,0),"") -> #N/A | S39: =IF(U39<>0,VLOOKUP(U39,DM_DUAN,3,0),"") | V39: =IF(W39<>0,VLOOKUP(W39,DM_DUAN,3,0),"") | X39: =IF(Y39<>0,VLOOKUP(Y39,DM_DUAN,3,0),"") -> #N/A | Y39: BP.KD | Z39: =IF(AA39<>0,VLOOKUP(AA39,DM_DUAN,3,0),"") -> #N/A | AA39: THU | AB39: =IF(AC39<>0,VLOOKUP(AC39,DM_DUAN,3,0),"") | AD39: =IF(AC39<>0,VLOOKUP(AC39,DM_NV,2,0),"") | AE39: DIENNUOC | AF39: =IF(AE39<>0,VLOOKUP(AE39,DM_NV,2,0),"") -> #N/A
B40: =IF(D40="","",VLOOKUP(D40,'THAM CHIẾU'!$A:$B,2,0)) -> #N/A | C40: =if(D40<>0,TEXT(D40,"mm/yyyy"),"") -> 01/2022 | D40: 44565 | E40: Chi tiền mua nước suối xe | G40: Thanh toán tiền mua DV ngoài cho công tác Bán hàng | H40: =IF(G40="","",VLOOKUP($G40,'Quy chuẩn hạch toán'!$B:$E,2,0)) -> 154 | I40: =IF(H40="","",VLOOKUP($G40,'Quy chuẩn hạch toán'!$B:$E,3,0)) -> 1111 | J40: 58466 | O40: =IF($Q40<>0,VLOOKUP($Q40,DM_KM,3,0),"") -> #N/A | P40: =IF($Q40<>0,VLOOKUP($Q40,DM_KM,5,0),"") -> #N/A | Q40: NUOC.UONG | R40: =IF(S40<>0,VLOOKUP(S40,DM_DUAN,3,0),"") -> #N/A | S40: =IF(U40<>0,VLOOKUP(U40,DM_DUAN,3,0),"") | V40: =IF(W40<>0,VLOOKUP(W40,DM_DUAN,3,0),"") | X40: =IF(Y40<>0,VLOOKUP(Y40,DM_DUAN,3,0),"") -> #N/A | Y40: BP.KD | Z40: =IF(AA40<>0,VLOOKUP(AA40,DM_DUAN,3,0),"") -> #N/A | AA40: NAM | AB40: =IF(AC40<>0,VLOOKUP(AC40,DM_DUAN,3,0),"") | AD40: =IF(AC40<>0,VLOOKUP(AC40,DM_NV,2,0),"") | AE40: DIENNUOC | AF40: =IF(AE40<>0,VLOOKUP(AE40,DM_NV,2,0),"") -> #N/A
B41: =IF(D41="","",VLOOKUP(D41,'THAM CHIẾU'!$A:$B,2,0)) -> #N/A | C41: =if(D41<>0,TEXT(D41,"mm/yyyy"),"") -> 01/2022 | D41: 44565 | E41: Chi tiền mua nước suối xe | G41: Thanh toán tiền mua DV ngoài cho công tác Bán hàng | H41: =IF(G41="","",VLOOKUP($G41,'Quy chuẩn hạch toán'!$B:$E,2,0)) -> 154 | I41: =IF(H41="","",VLOOKUP($G41,'Quy chuẩn hạch toán'!$B:$E,3,0)) -> 1111 | J41: 116931 | O41: =IF($Q41<>0,VLOOKUP($Q41,DM_KM,3,0),"") -> #N/A | P41: =IF($Q41<>0,VLOOKUP($Q41,DM_KM,5,0),"") -> #N/A | Q41: NUOC.UONG | R41: =IF(S41<>0,VLOOKUP(S41,DM_DUAN,3,0),"") -> #N/A | S41: =IF(U41<>0,VLOOKUP(U41,DM_DUAN,3,0),"") | V41: =IF(W41<>0,VLOOKUP(W41,DM_DUAN,3,0),"") | X41: =IF(Y41<>0,VLOOKUP(Y41,DM_DUAN,3,0),"") -> #N/A | Y41: BP.KD | Z41: =IF(AA41<>0,VLOOKUP(AA41,DM_DUAN,3,0),"") -> #N/A | AA41: VY | AB41: =IF(AC41<>0,VLOOKUP(AC41,DM_DUAN,3,0),"") | AD41: =IF(AC41<>0,VLOOKUP(AC41,DM_NV,2,0),"") | AE41: DIENNUOC | AF41: =IF(AE41<>0,VLOOKUP(AE41,DM_NV,2,0),"") -> #N/A
B42: =IF(D42="","",VLOOKUP(D42,'THAM CHIẾU'!$A:$B,2,0)) -> #N/A | C42: =if(D42<>0,TEXT(D42,"mm/yyyy"),"") -> 01/2022 | D42: 44565 | E42: Chi tiền mua nước suối xe | G42: Thanh toán tiền mua DV ngoài cho công tác Bán hàng | H42: =IF(G42="","",VLOOKUP($G42,'Quy chuẩn hạch toán'!$B:$E,2,0)) -> 154 | I42: =IF(H42="","",VLOOKUP($G42,'Quy chuẩn hạch toán'!$B:$E,3,0)) -> 1111 | J42: 43849 | O42: =IF($Q42<>0,VLOOKUP($Q42,DM_KM,3,0),"") -> #N/A | P42: =IF($Q42<>0,VLOOKUP($Q42,DM_KM,5,0),"") -> #N/A | Q42: NUOC.UONG | R42: =IF(S42<>0,VLOOKUP(S42,DM_DUAN,3,0),"") -> #N/A | S42: =IF(U42<>0,VLOOKUP(U42,DM_DUAN,3,0),"") | V42: =IF(W42<>0,VLOOKUP(W42,DM_DUAN,3,0),"") | X42: =IF(Y42<>0,VLOOKUP(Y42,DM_DUAN,3,0),"") -> #N/A | Y42: BP.KD | Z42: =IF(AA42<>0,VLOOKUP(AA42,DM_DUAN,3,0),"") -> #N/A | AA42: QUAN | AB42: =IF(AC42<>0,VLOOKUP(AC42,DM_DUAN,3,0),"") | AD42: =IF(AC42<>0,VLOOKUP(AC42,DM_NV,2,0),"") | AE42: DIENNUOC | AF42: =IF(AE42<>0,VLOOKUP(AE42,DM_NV,2,0),"") -> #N/A | AG42: Anh
B43: =IF(D43="","",VLOOKUP(D43,'THAM CHIẾU'!$A:$B,2,0)) -> #N/A | C43: =if(D43<>0,TEXT(D43,"mm/yyyy"),"") -> 01/2022 | D43: 44565 | E43: Xe Nam chở khách đội Quân: 482-Bà Điểm-BVQ12-Phước Đông <=> | G43: Chi phí bán hàng chưa thanh toán | H43: =IF(G43="","",VLOOKUP($G43,'Quy chuẩn hạch toán'!$B:$E,2,0)) -> 641 | I43: =IF(H43="","",VLOOKUP($G43,'Quy chuẩn hạch toán'!$B:$E,3,0)) -> 331 | J43: 737000 | O43: =IF($Q43<>0,VLOOKUP($Q43,DM_KM,3,0),"") -> #N/A | P43: =IF($Q43<>0,VLOOKUP($Q43,DM_KM,5,0),"") -> #N/A | Q43: THUEXE | R43: =IF(S43<>0,VLOOKUP(S43,DM_DUAN,3,0),"") -> #N/A | S43: =IF(U43<>0,VLOOKUP(U43,DM_DUAN,3,0),"") -> NAMSAIGON | U43: PHUOCDONG | V43: =IF(W43<>0,VLOOKUP(W43,DM_DUAN,3,0),"") | X43: =IF(Y43<>0,VLOOKUP(Y43,DM_DUAN,3,0),"") -> #N/A | Y43: BP.KD | Z43: =IF(AA43<>0,VLOOKUP(AA43,DM_DUAN,3,0),"") -> #N/A | AA43: QUAN | AB43: =IF(AC43<>0,VLOOKUP(AC43,DM_DUAN,3,0),"") -> #N/A | AC43: S0020 | AD43: =IF(AC43<>0,VLOOKUP(AC43,DM_NV,2,0),"") -> Dương Hải Lộc | AF43: =IF(AE43<>0,VLOOKUP(AE43,DM_NV,2,0),"")
B44: =IF(D44="","",VLOOKUP(D44,'THAM CHIẾU'!$A:$B,2,0)) -> #N/A | C44: =if(D44<>0,TEXT(D44,"mm/yyyy"),"") -> 01/2022 | D44: 44566 | E44: Xe Quang chở khách đội thu đi 482-PHHT-Long Hải <=> | G44: Chi phí bán hàng chưa thanh toán | H44: =IF(G44="","",VLOOKUP($G44,'Quy chuẩn hạch toán'!$B:$E,2,0)) -> 641 | I44: =IF(H44="","",VLOOKUP($G44,'Quy chuẩn hạch toán'!$B:$E,3,0)) -> 331 | J44: 2760000 | O44: =IF($Q44<>0,VLOOKUP($Q44,DM_KM,3,0),"") -> #N/A | P44: =IF($Q44<>0,VLOOKUP($Q44,DM_KM,5,0),"") -> #N/A | Q44: THUEXE | R44: =IF(S44<>0,VLOOKUP(S44,DM_DUAN,3,0),"") -> #N/A | S44: =IF(U44<>0,VLOOKUP(U44,DM_DUAN,3,0),"") -> THANHNAM | U44: PHUOCHOI | V44: =IF(W44<>0,VLOOKUP(W44,DM_DUAN,3,0),"") | X44: =IF(Y44<>0,VLOOKUP(Y44,DM_DUAN,3,0),"") -> #N/A | Y44: BP.KD | Z44: =IF(AA44<>0,VLOOKUP(AA44,DM_DUAN,3,0),"") -> #N/A | AA44: THU | AB44: =IF(AC44<>0,VLOOKUP(AC44,DM_DUAN,3,0),"") -> #N/A | AC44: L0002 | AD44: =IF(AC44<>0,VLOOKUP(AC44,DM_NV,2,0),"") -> Nguyễn Thị Mai Thu | AF44: =IF(AE44<>0,VLOOKUP(AE44,DM_NV,2,0),"")
B45: =IF(D45="","",VLOOKUP(D45,'THAM CHIẾU'!$A:$B,2,0)) -> #N/A | C45: =if(D45<>0,TEXT(D45,"mm/yyyy"),"") -> 01/2022 | D45: 44570 | E45: Xe Quang chở khách Tuấn đội Vy đi 482-Bình Chánh <=> | G45: Chi phí bán hàng chưa thanh toán | H45: =IF(G45="","",VLOOKUP($G45,'Quy chuẩn hạch toán'!$B:$E,2,0)) -> 641 | I45: =IF(H45="","",VLOOKUP($G45,'Quy chuẩn hạch toán'!$B:$E,3,0)) -> 331 | J45: 504000 | O45: =IF($Q45<>0,VLOOKUP($Q45,DM_KM,3,0),"") -> #N/A | P45: =IF($Q45<>0,VLOOKUP($Q45,DM_KM,5,0),"") -> #N/A | Q45: THUEXE | R45: =IF(S45<>0,VLOOKUP(S45,DM_DUAN,3,0),"") -> #N/A | S45: =IF(U45<>0,VLOOKUP(U45,DM_DUAN,3,0),"") -> THANHNAM | U45: PHUOCHOI | V45: =IF(W45<>0,VLOOKUP(W45,DM_DUAN,3,0),"") | X45: =IF(Y45<>0,VLOOKUP(Y45,DM_DUAN,3,0),"") -> #N/A | Y45: BP.KD | Z45: =IF(AA45<>0,VLOOKUP(AA45,DM_DUAN,3,0),"") -> #N/A | AA45: VY | AB45: =IF(AC45<>0,VLOOKUP(AC45,DM_DUAN,3,0),"") -> #N/A | AC45: S0016 | AD45: =IF(AC45<>0,VLOOKUP(AC45,DM_NV,2,0),"") -> Lê Quốc Tuấn | AF45: =IF(AE45<>0,VLOOKUP(AE45,DM_NV,2,0),"")
B46: =IF(D46="","",VLOOKUP(D46,'THAM CHIẾU'!$A:$B,2,0)) -> #N/A | C46: =if(D46<>0,TEXT(D46,"mm/yyyy"),"") -> 01/2022 | D46: 44570 | E46: Xe Quý chở khách đội Thu, Quân đi 482-Q12-Phước Đông <=> | G46: Chi phí bán hàng chưa thanh toán | H46: =IF(G46="","",VLOOKUP($G46,'Quy chuẩn hạch toán'!$B:$E,2,0)) -> 641 | I46: =IF(H46="","",VLOOKUP($G46,'Quy chuẩn hạch toán'!$B:$E,3,0)) -> 331 | J46: 689000 | O46: =IF($Q46<>0,VLOOKUP($Q46,DM_KM,3,0),"") -> #N/A | P46: =IF($Q46<>0,VLOOKUP($Q46,DM_KM,5,0),"") -> #N/A | Q46: THUEXE | R46: =IF(S46<>0,VLOOKUP(S46,DM_DUAN,3,0),"") -> #N/A | S46: =IF(U46<>0,VLOOKUP(U46,DM_DUAN,3,0),"") -> NAMSAIGON | U46: PHUOCDONG | V46: =IF(W46<>0,VLOOKUP(W46,DM_DUAN,3,0),"") | X46: =IF(Y46<>0,VLOOKUP(Y46,DM_DUAN,3,0),"") -> #N/A | Y46: BP.KD | Z46: =IF(AA46<>0,VLOOKUP(AA46,DM_DUAN,3,0),"") -> #N/A | AA46: THU | AB46: =IF(AC46<>0,VLOOKUP(AC46,DM_DUAN,3,0),"") -> #N/A | AC46: L0002 | AD46: =IF(AC46<>0,VLOOKUP(AC46,DM_NV,2,0),"") -> Nguyễn Thị Mai Thu | AF46: =IF(AE46<>0,VLOOKUP(AE46,DM_NV,2,0),"") | AG46: Cô Tuyết
B47: =IF(D47="","",VLOOKUP(D47,'THAM CHIẾU'!$A:$B,2,0)) -> #N/A | C47: =if(D47<>0,TEXT(D47,"mm/yyyy"),"") -> 01/2022 | D47: 44570 | E47: Xe Quý chở khách đội Thu, Quân đi 482-Q12-Phước Đông <=> | G47: Chi phí bán hàng chưa thanh toán | H47: =IF(G47="","",VLOOKUP($G47,'Quy chuẩn hạch toán'!$B:$E,2,0)) -> 641 | I47: =IF(H47="","",VLOOKUP($G47,'Quy chuẩn hạch toán'!$B:$E,3,0)) -> 331 | J47: 689000 | O47: =IF($Q47<>0,VLOOKUP($Q47,DM_KM,3,0),"") -> #N/A | P47: =IF($Q47<>0,VLOOKUP($Q47,DM_KM,5,0),"") -> #N/A | Q47: THUEXE | R47: =IF(S47<>0,VLOOKUP(S47,DM_DUAN,3,0),"") -> #N/A | S47: =IF(U47<>0,VLOOKUP(U47,DM_DUAN,3,0),"") -> NAMSAIGON | U47: PHUOCDONG | V47: =IF(W47<>0,VLOOKUP(W47,DM_DUAN,3,0),"") | X47: =IF(Y47<>0,VLOOKUP(Y47,DM_DUAN,3,0),"") -> #N/A | Y47: BP.KD | Z47: =IF(AA47<>0,VLOOKUP(AA47,DM_DUAN,3,0),"") -> #N/A | AA47: THU | AB47: =IF(AC47<>0,VLOOKUP(AC47,DM_DUAN,3,0),"") -> #N/A | AC47: L0002 | AD47: =IF(AC47<>0,VLOOKUP(AC47,DM_NV,2,0),"") -> Nguyễn Thị Mai Thu | AF47: =IF(AE47<>0,VLOOKUP(AE47,DM_NV,2,0),"")
B48: =IF(D48="","",VLOOKUP(D48,'THAM CHIẾU'!$A:$B,2,0)) -> #N/A | C48: =if(D48<>0,TEXT(D48,"mm/yyyy"),"") -> 01/2022 | D48: 44571 | E48: LK4-21 - Thu - Chiết khấu | G48: Chiết khấu hàng bán | H48: =IF(G48="","",VLOOKUP($G48,'Quy chuẩn hạch toán'!$B:$E,2,0)) -> 521 | I48: =IF(H48="","",VLOOKUP($G48,'Quy chuẩn hạch toán'!$B:$E,3,0)) -> 131 | J48: 18880000 | O48: =IF($Q48<>0,VLOOKUP($Q48,DM_KM,3,0),"") -> #N/A | P48: =IF($Q48<>0,VLOOKUP($Q48,DM_KM,5,0),"") -> #N/A | Q48: CHIETKHAU | U48: PHUOCHOI | W48: PH.LK4-21 | Y48: BP.KD | AA48: THU | AD48: =IF(AC48<>0,VLOOKUP(AC48,DM_NV,2,0),"") | AF48: =IF(AE48<>0,VLOOKUP(AE48,DM_NV,2,0),"")
B49: =IF(D49="","",VLOOKUP(D49,'THAM CHIẾU'!$A:$B,2,0)) -> #N/A | C49: =if(D49<>0,TEXT(D49,"mm/yyyy"),"") -> 01/2022 | D49: 44571 | E49: LK4-21 - Thu - HH Sàn | G49: Ghi nhận doanh thu bán hàng chưa thu tiền | H49: =IF(G49="","",VLOOKUP($G49,'Quy chuẩn hạch toán'!$B:$E,2,0)) -> 131 | I49: =IF(H49="","",VLOOKUP($G49,'Quy chuẩn hạch toán'!$B:$E,3,0)) -> 5113 | J49: 180000000 | O49: =IF($Q49<>0,VLOOKUP($Q49,DM_KM,3,0),"") -> 511_TK | P49: =IF($Q49<>0,VLOOKUP($Q49,DM_KM,5,0),"") -> 511 | Q49: DOANHTHU | R49: =IF(S49<>0,VLOOKUP(S49,DM_DUAN,3,0),"") -> #N/A | S49: =IF(U49<>0,VLOOKUP(U49,DM_DUAN,3,0),"") -> THANHNAM | U49: PHUOCHOI | V49: =IF(W49<>0,VLOOKUP(W49,DM_DUAN,3,0),"") -> #N/A | W49: PH.LK4-21 | X49: =IF(Y49<>0,VLOOKUP(Y49,DM_DUAN,3,0),"") | Z49: =IF(AA49<>0,VLOOKUP(AA49,DM_DUAN,3,0),"") -> #N/A | AA49: THU | AB49: =IF(AC49<>0,VLOOKUP(AC49,DM_DUAN,3,0),"") | AD49: =IF(AC49<>0,VLOOKUP(AC49,DM_NV,2,0),"") | AF49: =IF(AE49<>0,VLOOKUP(AE49,DM_NV,2,0),"")
B50: =IF(D50="","",VLOOKUP(D50,'THAM CHIẾU'!$A:$B,2,0)) -> #N/A | C50: =if(D50<>0,TEXT(D50,"mm/yyyy"),"") -> 01/2022 | D50: 44571 | E50: LK4-21 - Thu - HHNV | G50: Phải trả hoa hồng nhân viên | H50: =IF(G50="","",VLOOKUP($G50,'Quy chuẩn hạch toán'!$B:$E,2,0)) -> 154 | I50: =IF(H50="","",VLOOKUP($G50,'Quy chuẩn hạch toán'!$B:$E,3,0)) -> 3345 | J50: 45560000 | O50: =IF($Q50<>0,VLOOKUP($Q50,DM_KM,3,0),"") -> #N/A | P50: =IF($Q50<>0,VLOOKUP($Q50,DM_KM,5,0),"") -> #N/A | Q50: HOAHONGNV | R50: =IF(S50<>0,VLOOKUP(S50,DM_DUAN,3,0),"") -> #N/A | S50: =IF(U50<>0,VLOOKUP(U50,DM_DUAN,3,0),"") -> THANHNAM | U50: PHUOCHOI | V50: =IF(W50<>0,VLOOKUP(W50,DM_DUAN,3,0),"") -> #N/A | W50: PH.LK4-21 | X50: =IF(Y50<>0,VLOOKUP(Y50,DM_DUAN,3,0),"") -> #N/A | Y50: BP.KD | Z50: =IF(AA50<>0,VLOOKUP(AA50,DM_DUAN,3,0),"") -> #N/A | AA50: THU | AB50: =IF(AC50<>0,VLOOKUP(AC50,DM_DUAN,3,0),"") -> #N/A | AC50: L0002 | AD50: =IF(AC50<>0,VLOOKUP(AC50,DM_NV,2,0),"") -> Nguyễn Thị Mai Thu | AF50: =IF(AE50<>0,VLOOKUP(AE50,DM_NV,2,0),"") | AI50: NV Huỳnh Hải Âu
B51: =IF(D51="","",VLOOKUP(D51,'THAM CHIẾU'!$A:$B,2,0)) -> #N/A | C51: =if(D51<>0,TEXT(D51,"mm/yyyy"),"") -> 01/2022 | D51: 44571 | E51: LK4-21 - Thu - Ký HĐ | G51: Ghi nhận doanh số hàng bán | H51: =IF(G51="","",VLOOKUP($G51,'Quy chuẩn hạch toán'!$B:$E,2,0)) -> #N/A | I51: =IF(H51="","",VLOOKUP($G51,'Quy chuẩn hạch toán'!$B:$E,3,0)) -> #N/A | J51: 1668460000 | O51: =IF($Q51<>0,VLOOKUP($Q51,DM_KM,3,0),"") -> #N/A | P51: =IF($Q51<>0,VLOOKUP($Q51,DM_KM,5,0),"") -> #N/A | Q51: DOANHSO | R51: =IF(S51<>0,VLOOKUP(S51,DM_DUAN,3,0),"") -> #N/A | S51: =IF(U51<>0,VLOOKUP(U51,DM_DUAN,3,0),"") -> THANHNAM | U51: PHUOCHOI | V51: =IF(W51<>0,VLOOKUP(W51,DM_DUAN,3,0),"") -> #N/A | W51: PH.LK4-21 | X51: =IF(Y51<>0,VLOOKUP(Y51,DM_DUAN,3,0),"") -> #N/A | Y51: BP.KD | Z51: =IF(AA51<>0,VLOOKUP(AA51,DM_DUAN,3,0),"") -> #N/A | AA51: THU | AB51: =IF(AC51<>0,VLOOKUP(AC51,DM_DUAN,3,0),"") -> #N/A | AC51: L0002 | AD51: =IF(AC51<>0,VLOOKUP(AC51,DM_NV,2,0),"") -> Nguyễn Thị Mai Thu | AF51: =IF(AE51<>0,VLOOKUP(AE51,DM_NV,2,0),"")
B52: =IF(D52="","",VLOOKUP(D52,'THAM CHIẾU'!$A:$B,2,0)) -> #N/A | C52: =if(D52<>0,TEXT(D52,"mm/yyyy"),"") -> 01/2022 | D52: 44571 | E52: LK4-21 - Thu - Phí hỗ trợ | G52: Chi phí hỗ trợ quản lý | H52: =IF(G52="","",VLOOKUP($G52,'Quy chuẩn hạch toán'!$B:$E,2,0)) -> 154 | I52: =IF(H52="","",VLOOKUP($G52,'Quy chuẩn hạch toán'!$B:$E,3,0)) -> 3343 | J52: 1000000 | O52: =IF($Q52<>0,VLOOKUP($Q52,DM_KM,3,0),"") -> #N/A | P52: =IF($Q52<>0,VLOOKUP($Q52,DM_KM,5,0),"") -> #N/A | Q52: HTQL | U52: PHUOCHOI | W52: PH.LK4-21 | AA52: THU | AD52: =IF(AC52<>0,VLOOKUP(AC52,DM_NV,2,0),"") | AF52: =IF(AE52<>0,VLOOKUP(AE52,DM_NV,2,0),"")
B53: =IF(D53="","",VLOOKUP(D53,'THAM CHIẾU'!$A:$B,2,0)) -> #N/A | C53: =if(D53<>0,TEXT(D53,"mm/yyyy"),"") -> 01/2022 | D53: 44571 | E53: LK4-21 - Thu - Trích 8% | H53: =IF(G53="","",VLOOKUP($G53,'Quy chuẩn hạch toán'!$B:$E,2,0)) | I53: =IF(H53="","",VLOOKUP($G53,'Quy chuẩn hạch toán'!$B:$E,3,0)) | J53: 12000000 | O53: =IF($Q53<>0,VLOOKUP($Q53,DM_KM,3,0),"") -> #N/A | P53: =IF($Q53<>0,VLOOKUP($Q53,DM_KM,5,0),"") -> #N/A | Q53: QUY8% | R53: =IF(S53<>0,VLOOKUP(S53,DM_DUAN,3,0),"") -> #N/A | S53: =IF(U53<>0,VLOOKUP(U53,DM_DUAN,3,0),"") -> THANHNAM | U53: PHUOCHOI | V53: =IF(W53<>0,VLOOKUP(W53,DM_DUAN,3,0),"") -> #N/A | W53: PH.LK4-21 | X53: =IF(Y53<>0,VLOOKUP(Y53,DM_DUAN,3,0),"") | Z53: =IF(AA53<>0,VLOOKUP(AA53,DM_DUAN,3,0),"") -> #N/A | AA53: THU | AB53: =IF(AC53<>0,VLOOKUP(AC53,DM_DUAN,3,0),"") | AD53: =IF(AC53<>0,VLOOKUP(AC53,DM_NV,2,0),"") | AF53: =IF(AE53<>0,VLOOKUP(AE53,DM_NV,2,0),"")
B54: =IF(D54="","",VLOOKUP(D54,'THAM CHIẾU'!$A:$B,2,0)) -> #N/A | C54: =if(D54<>0,TEXT(D54,"mm/yyyy"),"") -> 01/2022 | D54: 44572 | E54: Xe Quý chở khách đội Vy đi 482-Đồng Khởi Q1 <=> | G54: Chi phí bán hàng chưa thanh toán | H54: =IF(G54="","",VLOOKUP($G54,'Quy chuẩn hạch toán'!$B:$E,2,0)) -> 641 | I54: =IF(H54="","",VLOOKUP($G54,'Quy chuẩn hạch toán'!$B:$E,3,0)) -> 331 | J54: 252000 | O54: =IF($Q54<>0,VLOOKUP($Q54,DM_KM,3,0),"") -> #N/A | P54: =IF($Q54<>0,VLOOKUP($Q54,DM_KM,5,0),"") -> #N/A | Q54: THUEXE | R54: =IF(S54<>0,VLOOKUP(S54,DM_DUAN,3,0),"") -> #N/A | S54: =IF(U54<>0,VLOOKUP(U54,DM_DUAN,3,0),"") -> THANHNAM | U54: PHUOCHOI | V54: =IF(W54<>0,VLOOKUP(W54,DM_DUAN,3,0),"") | X54: =IF(Y54<>0,VLOOKUP(Y54,DM_DUAN,3,0),"") -> #N/A | Y54: BP.KD | Z54: =IF(AA54<>0,VLOOKUP(AA54,DM_DUAN,3,0),"") -> #N/A | AA54: VY | AB54: =IF(AC54<>0,VLOOKUP(AC54,DM_DUAN,3,0),"") -> #N/A | AC54: S0011 | AD54: =IF(AC54<>0,VLOOKUP(AC54,DM_NV,2,0),"") -> Phan Thị Thùy Mai | AF54: =IF(AE54<>0,VLOOKUP(AE54,DM_NV,2,0),"") | AG54: Anh
B55: =IF(D55="","",VLOOKUP(D55,'THAM CHIẾU'!$A:$B,2,0)) -> #N/A | C55: =if(D55<>0,TEXT(D55,"mm/yyyy"),"") -> 01/2022 | D55: 44573 | E55: Mua hoa + trái cây + ts + thay bóng đèn ông Địa M10/12 | G55: Thanh toán tiền mua DV ngoài cho công tác Quản lý | H55: =IF(G55="","",VLOOKUP($G55,'Quy chuẩn hạch toán'!$B:$E,2,0)) -> 642 | I55: =IF(H55="","",VLOOKUP($G55,'Quy chuẩn hạch toán'!$B:$E,3,0)) -> 1111 | J55: 88571 | O55: =IF($Q55<>0,VLOOKUP($Q55,DM_KM,3,0),"") -> #N/A | P55: =IF($Q55<>0,VLOOKUP($Q55,DM_KM,5,0),"") -> #N/A | Q55: THOCUNG | R55: =IF(S55<>0,VLOOKUP(S55,DM_DUAN,3,0),"") -> #N/A | S55: =IF(U55<>0,VLOOKUP(U55,DM_DUAN,3,0),"") | V55: =IF(W55<>0,VLOOKUP(W55,DM_DUAN,3,0),"") | X55: =IF(Y55<>0,VLOOKUP(Y55,DM_DUAN,3,0),"") -> #N/A | Y55: BP.HC-NS | Z55: =IF(AA55<>0,VLOOKUP(AA55,DM_DUAN,3,0),"") -> #N/A | AA55: THU | AB55: =IF(AC55<>0,VLOOKUP(AC55,DM_DUAN,3,0),"") | AD55: =IF(AC55<>0,VLOOKUP(AC55,DM_NV,2,0),"") | AE55: MUANGOAI | AF55: =IF(AE55<>0,VLOOKUP(AE55,DM_NV,2,0),"") -> #N/A | AG55: Đỗ Thị Tuyết Nhung
B56: =IF(D56="","",VLOOKUP(D56,'THAM CHIẾU'!$A:$B,2,0)) -> #N/A | C56: =if(D56<>0,TEXT(D56,"mm/yyyy"),"") -> 01/2022 | D56: 44573 | E56: Mua hoa + trái cây + ts + thay bóng đèn ông Địa M10/12 | G56: Thanh toán tiền mua DV ngoài cho công tác Quản lý | H56: =IF(G56="","",VLOOKUP($G56,'Quy chuẩn hạch toán'!$B:$E,2,0)) -> 642 | I56: =IF(H56="","",VLOOKUP($G56,'Quy chuẩn hạch toán'!$B:$E,3,0)) -> 1111 | J56: 59048 | O56: =IF($Q56<>0,VLOOKUP($Q56,DM_KM,3,0),"") -> #N/A | P56: =IF($Q56<>0,VLOOKUP($Q56,DM_KM,5,0),"") -> #N/A | Q56: THOCUNG | R56: =IF(S56<>0,VLOOKUP(S56,DM_DUAN,3,0),"") -> #N/A | S56: =IF(U56<>0,VLOOKUP(U56,DM_DUAN,3,0),"") | V56: =IF(W56<>0,VLOOKUP(W56,DM_DUAN,3,0),"") | X56: =IF(Y56<>0,VLOOKUP(Y56,DM_DUAN,3,0),"") -> #N/A | Y56: BP.HC-NS | Z56: =IF(AA56<>0,VLOOKUP(AA56,DM_DUAN,3,0),"") -> #N/A | AA56: NAM | AB56: =IF(AC56<>0,VLOOKUP(AC56,DM_DUAN,3,0),"") | AD56: =IF(AC56<>0,VLOOKUP(AC56,DM_NV,2,0),"") | AE56: MUANGOAI | AF56: =IF(AE56<>0,VLOOKUP(AE56,DM_NV,2,0),"") -> #N/A
B57: =IF(D57="","",VLOOKUP(D57,'THAM CHIẾU'!$A:$B,2,0)) -> #N/A | C57: =if(D57<>0,TEXT(D57,"mm/yyyy"),"") -> 01/2022 | D57: 44573 | E57: Mua hoa + trái cây + ts + thay bóng đèn ông Địa M10/12 | G57: Thanh toán tiền mua DV ngoài cho công tác Quản lý | H57: =IF(G57="","",VLOOKUP($G57,'Quy chuẩn hạch toán'!$B:$E,2,0)) -> 642 | I57: =IF(H57="","",VLOOKUP($G57,'Quy chuẩn hạch toán'!$B:$E,3,0)) -> 1111 | J57: 118095 | O57: =IF($Q57<>0,VLOOKUP($Q57,DM_KM,3,0),"") -> #N/A | P57: =IF($Q57<>0,VLOOKUP($Q57,DM_KM,5,0),"") -> #N/A | Q57: THOCUNG | R57: =IF(S57<>0,VLOOKUP(S57,DM_DUAN,3,0),"") -> #N/A | S57: =IF(U57<>0,VLOOKUP(U57,DM_DUAN,3,0),"") | V57: =IF(W57<>0,VLOOKUP(W57,DM_DUAN,3,0),"") | X57: =IF(Y57<>0,VLOOKUP(Y57,DM_DUAN,3,0),"") -> #N/A | Y57: BP.HC-NS | Z57: =IF(AA57<>0,VLOOKUP(AA57,DM_DUAN,3,0),"") -> #N/A | AA57: VY | AB57: =IF(AC57<>0,VLOOKUP(AC57,DM_DUAN,3,0),"") | AD57: =IF(AC57<>0,VLOOKUP(AC57,DM_NV,2,0),"") | AE57: MUANGOAI | AF57: =IF(AE57<>0,VLOOKUP(AE57,DM_NV,2,0),"") -> #N/A | AG57: Trần Vinh Hiển
B58: =IF(D58="","",VLOOKUP(D58,'THAM CHIẾU'!$A:$B,2,0)) -> #N/A | C58: =if(D58<>0,TEXT(D58,"mm/yyyy"),"") -> 01/2022 | D58: 44573 | E58: Mua hoa + trái cây + ts + thay bóng đèn ông Địa M10/12 | G58: Thanh toán tiền mua DV ngoài cho công tác Quản lý | H58: =IF(G58="","",VLOOKUP($G58,'Quy chuẩn hạch toán'!$B:$E,2,0)) -> 642 | I58: =IF(H58="","",VLOOKUP($G58,'Quy chuẩn hạch toán'!$B:$E,3,0)) -> 1111 | J58: 44286 | O58: =IF($Q58<>0,VLOOKUP($Q58,DM_KM,3,0),"") -> #N/A | P58: =IF($Q58<>0,VLOOKUP($Q58,DM_KM,5,0),"") -> #N/A | Q58: THOCUNG | R58: =IF(S58<>0,VLOOKUP(S58,DM_DUAN,3,0),"") -> #N/A | S58: =IF(U58<>0,VLOOKUP(U58,DM_DUAN,3,0),"") | V58: =IF(W58<>0,VLOOKUP(W58,DM_DUAN,3,0),"") | X58: =IF(Y58<>0,VLOOKUP(Y58,DM_DUAN,3,0),"") -> #N/A | Y58: BP.HC-NS | Z58: =IF(AA58<>0,VLOOKUP(AA58,DM_DUAN,3,0),"") -> #N/A | AA58: QUAN | AB58: =IF(AC58<>0,VLOOKUP(AC58,DM_DUAN,3,0),"") | AD58: =IF(AC58<>0,VLOOKUP(AC58,DM_NV,2,0),"") | AE58: MUANGOAI | AF58: =IF(AE58<>0,VLOOKUP(AE58,DM_NV,2,0),"") -> #N/A
B59: =IF(D59="","",VLOOKUP(D59,'THAM CHIẾU'!$A:$B,2,0)) -> #N/A | C59: =if(D59<>0,TEXT(D59,"mm/yyyy"),"") -> 01/2022 | D59: 44573 | E59: Thanh toán tiền rác + Tết (2 tháng) | G59: Thanh toán tiền mua DV ngoài cho công tác Quản lý | H59: =IF(G59="","",VLOOKUP($G59,'Quy chuẩn hạch toán'!$B:$E,2,0)) -> 642 | I59: =IF(H59="","",VLOOKUP($G59,'Quy chuẩn hạch toán'!$B:$E,3,0)) -> 1111 | J59: 57143 | O59: =IF($Q59<>0,VLOOKUP($Q59,DM_KM,3,0),"") -> #N/A | P59: =IF($Q59<>0,VLOOKUP($Q59,DM_KM,5,0),"") -> #N/A | Q59: VESINH | R59: =IF(S59<>0,VLOOKUP(S59,DM_DUAN,3,0),"") -> #N/A | S59: =IF(U59<>0,VLOOKUP(U59,DM_DUAN,3,0),"") | V59: =IF(W59<>0,VLOOKUP(W59,DM_DUAN,3,0),"") | X59: =IF(Y59<>0,VLOOKUP(Y59,DM_DUAN,3,0),"") -> #N/A | Y59: BP.HC-NS | Z59: =IF(AA59<>0,VLOOKUP(AA59,DM_DUAN,3,0),"") -> #N/A | AA59: THU | AB59: =IF(AC59<>0,VLOOKUP(AC59,DM_DUAN,3,0),"") | AD59: =IF(AC59<>0,VLOOKUP(AC59,DM_NV,2,0),"") | AE59: VS-ANNINH | AF59: =IF(AE59<>0,VLOOKUP(AE59,DM_NV,2,0),"") -> #N/A
B60: =IF(D60="","",VLOOKUP(D60,'THAM CHIẾU'!$A:$B,2,0)) -> #N/A | C60: =if(D60<>0,TEXT(D60,"mm/yyyy"),"") -> 01/2022 | D60: 44573 | E60: Thanh toán tiền rác + Tết (2 tháng) | G60: Thanh toán tiền mua DV ngoài cho công tác Quản lý | H60: =IF(G60="","",VLOOKUP($G60,'Quy chuẩn hạch toán'!$B:$E,2,0)) -> 642 | I60: =IF(H60="","",VLOOKUP($G60,'Quy chuẩn hạch toán'!$B:$E,3,0)) -> 1111 | J60: 38095 | O60: =IF($Q60<>0,VLOOKUP($Q60,DM_KM,3,0),"") -> #N/A | P60: =IF($Q60<>0,VLOOKUP($Q60,DM_KM,5,0),"") -> #N/A | Q60: VESINH | R60: =IF(S60<>0,VLOOKUP(S60,DM_DUAN,3,0),"") -> #N/A | S60: =IF(U60<>0,VLOOKUP(U60,DM_DUAN,3,0),"") | V60: =IF(W60<>0,VLOOKUP(W60,DM_DUAN,3,0),"") | X60: =IF(Y60<>0,VLOOKUP(Y60,DM_DUAN,3,0),"") -> #N/A | Y60: BP.HC-NS | Z60: =IF(AA60<>0,VLOOKUP(AA60,DM_DUAN,3,0),"") -> #N/A | AA60: NAM | AB60: =IF(AC60<>0,VLOOKUP(AC60,DM_DUAN,3,0),"") | AD60: =IF(AC60<>0,VLOOKUP(AC60,DM_NV,2,0),"") | AE60: VS-ANNINH | AF60: =IF(AE60<>0,VLOOKUP(AE60,DM_NV,2,0),"") -> #N/A | AG60: TT CK
B61: =IF(D61="","",VLOOKUP(D61,'THAM CHIẾU'!$A:$B,2,0)) -> #N/A | C61: =if(D61<>0,TEXT(D61,"mm/yyyy"),"") -> 01/2022 | D61: 44573 | E61: Thanh toán tiền rác + Tết (2 tháng) | G61: Thanh toán tiền mua DV ngoài cho công tác Quản lý | H61: =IF(G61="","",VLOOKUP($G61,'Quy chuẩn hạch toán'!$B:$E,2,0)) -> 642 | I61: =IF(H61="","",VLOOKUP($G61,'Quy chuẩn hạch toán'!$B:$E,3,0)) -> 1111 | J61: 76190 | O61: =IF($Q61<>0,VLOOKUP($Q61,DM_KM,3,0),"") -> #N/A | P61: =IF($Q61<>0,VLOOKUP($Q61,DM_KM,5,0),"") -> #N/A | Q61: VESINH | R61: =IF(S61<>0,VLOOKUP(S61,DM_DUAN,3,0),"") -> #N/A | S61: =IF(U61<>0,VLOOKUP(U61,DM_DUAN,3,0),"") | V61: =IF(W61<>0,VLOOKUP(W61,DM_DUAN,3,0),"") | X61: =IF(Y61<>0,VLOOKUP(Y61,DM_DUAN,3,0),"") -> #N/A | Y61: BP.HC-NS | Z61: =IF(AA61<>0,VLOOKUP(AA61,DM_DUAN,3,0),"") -> #N/A | AA61: VY | AB61: =IF(AC61<>0,VLOOKUP(AC61,DM_DUAN,3,0),"") | AD61: =IF(AC61<>0,VLOOKUP(AC61,DM_NV,2,0),"") | AE61: VS-ANNINH | AF61: =IF(AE61<>0,VLOOKUP(AE61,DM_NV,2,0),"") -> #N/A
C62: =if(D62<>0,TEXT(D62,"mm/yyyy"),"") -> 01/2022 | D62: 44573 | E62: Thanh toán tiền rác + Tết (2 tháng) | G62: Thanh toán tiền mua DV ngoài cho công tác Quản lý | H62: =IF(G62="","",VLOOKUP($G62,'Quy chuẩn hạch toán'!$B:$E,2,0)) -> 642 | I62: =IF(H62="","",VLOOKUP($G62,'Quy chuẩn hạch toán'!$B:$E,3,0)) -> 1111 | J62: 28571 | O62: =IF($Q62<>0,VLOOKUP($Q62,DM_KM,3,0),"") -> #N/A | P62: =IF($Q62<>0,VLOOKUP($Q62,DM_KM,5,0),"") -> #N/A | Q62: VESINH | R62: =IF(S62<>0,VLOOKUP(S62,DM_DUAN,3,0),"") -> #N/A | S62: =IF(U62<>0,VLOOKUP(U62,DM_DUAN,3,0),"") | V62: =IF(W62<>0,VLOOKUP(W62,DM_DUAN,3,0),"") | X62: =IF(Y62<>0,VLOOKUP(Y62,DM_DUAN,3,0),"") -> #N/A | Y62: BP.HC-NS | Z62: =IF(AA62<>0,VLOOKUP(AA62,DM_DUAN,3,0),"") -> #N/A | AA62: QUAN | AB62: =IF(AC62<>0,VLOOKUP(AC62,DM_DUAN,3,0),"") | AD62: =IF(AC62<>0,VLOOKUP(AC62,DM_NV,2,0),"") | AE62: VS-ANNINH | AF62: =IF(AE62<>0,VLOOKUP(AE62,DM_NV,2,0),"") -> #N/A
C63: =if(D63<>0,TEXT(D63,"mm/yyyy"),"") -> 01/2022 | D63: 44573 | E63: Xe Nam chở đồ tất niên (2 chuyến) | G63: Chi phí quản lý chưa thanh toán | H63: =IF(G63="","",VLOOKUP($G63,'Quy chuẩn hạch toán'!$B:$E,2,0)) -> 642 | I63: =IF(H63="","",VLOOKUP($G63,'Quy chuẩn hạch toán'!$B:$E,3,0)) -> 331 | J63: 83778 | O63: =IF($Q63<>0,VLOOKUP($Q63,DM_KM,3,0),"") -> #N/A | P63: =IF($Q63<>0,VLOOKUP($Q63,DM_KM,5,0),"") -> #N/A | Q63: THUEXE | R63: =IF(S63<>0,VLOOKUP(S63,DM_DUAN,3,0),"") -> #N/A | S63: =IF(U63<>0,VLOOKUP(U63,DM_DUAN,3,0),"") | V63: =IF(W63<>0,VLOOKUP(W63,DM_DUAN,3,0),"") | X63: =IF(Y63<>0,VLOOKUP(Y63,DM_DUAN,3,0),"") -> #N/A | Y63: BP.HC-NS | Z63: =IF(AA63<>0,VLOOKUP(AA63,DM_DUAN,3,0),"") -> #N/A | AA63: THU | AB63: =IF(AC63<>0,VLOOKUP(AC63,DM_DUAN,3,0),"") | AD63: =IF(AC63<>0,VLOOKUP(AC63,DM_NV,2,0),"") | AF63: =IF(AE63<>0,VLOOKUP(AE63,DM_NV,2,0),"")
C64: =if(D64<>0,TEXT(D64,"mm/yyyy"),"") -> 01/2022 | D64: 44573 | E64: Xe Nam chở đồ tất niên (2 chuyến) | G64: Chi phí quản lý chưa thanh toán | H64: =IF(G64="","",VLOOKUP($G64,'Quy chuẩn hạch toán'!$B:$E,2,0)) -> 642 | I64: =IF(H64="","",VLOOKUP($G64,'Quy chuẩn hạch toán'!$B:$E,3,0)) -> 331 | J64: 55852 | O64: =IF($Q64<>0,VLOOKUP($Q64,DM_KM,3,0),"") -> #N/A | P64: =IF($Q64<>0,VLOOKUP($Q64,DM_KM,5,0),"") -> #N/A | Q64: THUEXE | R64: =IF(S64<>0,VLOOKUP(S64,DM_DUAN,3,0),"") -> #N/A | S64: =IF(U64<>0,VLOOKUP(U64,DM_DUAN,3,0),"") | V64: =IF(W64<>0,VLOOKUP(W64,DM_DUAN,3,0),"") | X64: =IF(Y64<>0,VLOOKUP(Y64,DM_DUAN,3,0),"") -> #N/A | Y64: BP.HC-NS | Z64: =IF(AA64<>0,VLOOKUP(AA64,DM_DUAN,3,0),"") -> #N/A | AA64: NAM | AB64: =IF(AC64<>0,VLOOKUP(AC64,DM_DUAN,3,0),"") | AD64: =IF(AC64<>0,VLOOKUP(AC64,DM_NV,2,0),"") | AF64: =IF(AE64<>0,VLOOKUP(AE64,DM_NV,2,0),"")
C65: =if(D65<>0,TEXT(D65,"mm/yyyy"),"") -> 01/2022 | D65: 44573 | E65: Xe Nam chở đồ tất niên (2 chuyến) | G65: Chi phí quản lý chưa thanh toán | H65: =IF(G65="","",VLOOKUP($G65,'Quy chuẩn hạch toán'!$B:$E,2,0)) -> 642 | I65: =IF(H65="","",VLOOKUP($G65,'Quy chuẩn hạch toán'!$B:$E,3,0)) -> 331 | J65: 111704 | O65: =IF($Q65<>0,VLOOKUP($Q65,DM_KM,3,0),"") -> #N/A | P65: =IF($Q65<>0,VLOOKUP($Q65,DM_KM,5,0),"") -> #N/A | Q65: THUEXE | R65: =IF(S65<>0,VLOOKUP(S65,DM_DUAN,3,0),"") -> #N/A | S65: =IF(U65<>0,VLOOKUP(U65,DM_DUAN,3,0),"") | V65: =IF(W65<>0,VLOOKUP(W65,DM_DUAN,3,0),"") | X65: =IF(Y65<>0,VLOOKUP(Y65,DM_DUAN,3,0),"") -> #N/A | Y65: BP.HC-NS | Z65: =IF(AA65<>0,VLOOKUP(AA65,DM_DUAN,3,0),"") -> #N/A | AA65: VY | AB65: =IF(AC65<>0,VLOOKUP(AC65,DM_DUAN,3,0),"") | AD65: =IF(AC65<>0,VLOOKUP(AC65,DM_NV,2,0),"") | AF65: =IF(AE65<>0,VLOOKUP(AE65,DM_NV,2,0),"")
C66: =if(D66<>0,TEXT(D66,"mm/yyyy"),"") -> 01/2022 | D66: 44573 | E66: Xe Nam chở đồ tất niên (2 chuyến) | G66: Chi phí quản lý chưa thanh toán | H66: =IF(G66="","",VLOOKUP($G66,'Quy chuẩn hạch toán'!$B:$E,2,0)) -> 642 | I66: =IF(H66="","",VLOOKUP($G66,'Quy chuẩn hạch toán'!$B:$E,3,0)) -> 331 | J66: 41889 | O66: =IF($Q66<>0,VLOOKUP($Q66,DM_KM,3,0),"") -> #N/A | P66: =IF($Q66<>0,VLOOKUP($Q66,DM_KM,5,0),"") -> #N/A | Q66: THUEXE | R66: =IF(S66<>0,VLOOKUP(S66,DM_DUAN,3,0),"") -> #N/A | S66: =IF(U66<>0,VLOOKUP(U66,DM_DUAN,3,0),"") | V66: =IF(W66<>0,VLOOKUP(W66,DM_DUAN,3,0),"") | X66: =IF(Y66<>0,VLOOKUP(Y66,DM_DUAN,3,0),"") -> #N/A | Y66: BP.HC-NS | Z66: =IF(AA66<>0,VLOOKUP(AA66,DM_DUAN,3,0),"") -> #N/A | AA66: QUAN | AB66: =IF(AC66<>0,VLOOKUP(AC66,DM_DUAN,3,0),"") | AD66: =IF(AC66<>0,VLOOKUP(AC66,DM_NV,2,0),"") | AF66: =IF(AE66<>0,VLOOKUP(AE66,DM_NV,2,0),"")
C67: =if(D67<>0,TEXT(D67,"mm/yyyy"),"") -> 01/2022 | D67: 44574 | E67: Chi ủng hộ chăm lo KT năm 2022 | G67: Chi ngoại giao địa phương bằng TM | H67: =IF(G67="","",VLOOKUP($G67,'Quy chuẩn hạch toán'!$B:$E,2,0)) -> 641 | I67: =IF(H67="","",VLOOKUP($G67,'Quy chuẩn hạch toán'!$B:$E,3,0)) -> 1111 | J67: 1000000 | O67: =IF($Q67<>0,VLOOKUP($Q67,DM_KM,3,0),"") -> #N/A | P67: =IF($Q67<>0,VLOOKUP($Q67,DM_KM,5,0),"") -> #N/A | Q67: NGOAIGIAO | R67: =IF(S67<>0,VLOOKUP(S67,DM_DUAN,3,0),"") -> #N/A | S67: =IF(U67<>0,VLOOKUP(U67,DM_DUAN,3,0),"") | V67: =IF(W67<>0,VLOOKUP(W67,DM_DUAN,3,0),"") | X67: =IF(Y67<>0,VLOOKUP(Y67,DM_DUAN,3,0),"") -> #N/A | Y67: BP.HC-NS | Z67: =IF(AA67<>0,VLOOKUP(AA67,DM_DUAN,3,0),"") | AB67: =IF(AC67<>0,VLOOKUP(AC67,DM_DUAN,3,0),"") | AD67: =IF(AC67<>0,VLOOKUP(AC67,DM_NV,2,0),"") | AF67: =IF(AE67<>0,VLOOKUP(AE67,DM_NV,2,0),"")
C68: =if(D68<>0,TEXT(D68,"mm/yyyy"),"") -> 01/2022 | D68: 44575 | E68: Chi lương T12/2021 NV sàn Thu | G68: Trả lương cho nhân viên bằng TM | H68: =IF(G68="","",VLOOKUP($G68,'Quy chuẩn hạch toán'!$B:$E,2,0)) -> 3341 | I68: =IF(H68="","",VLOOKUP($G68,'Quy chuẩn hạch toán'!$B:$E,3,0)) -> 1111 | J68: 1185000 | O68: =IF($Q68<>0,VLOOKUP($Q68,DM_KM,3,0),"") -> #N/A | P68: =IF($Q68<>0,VLOOKUP($Q68,DM_KM,5,0),"") -> #N/A | Q68: LUONGKD | R68: =IF(S68<>0,VLOOKUP(S68,DM_DUAN,3,0),"") -> #N/A | S68: =IF(U68<>0,VLOOKUP(U68,DM_DUAN,3,0),"") | V68: =IF(W68<>0,VLOOKUP(W68,DM_DUAN,3,0),"") | X68: =IF(Y68<>0,VLOOKUP(Y68,DM_DUAN,3,0),"") -> #N/A | Y68: BP.KD | Z68: =IF(AA68<>0,VLOOKUP(AA68,DM_DUAN,3,0),"") -> #N/A | AA68: THU | AB68: =IF(AC68<>0,VLOOKUP(AC68,DM_DUAN,3,0),"") | AD68: =IF(AC68<>0,VLOOKUP(AC68,DM_NV,2,0),"") | AE68: LUONG-BH | AF68: =IF(AE68<>0,VLOOKUP(AE68,DM_NV,2,0),"") -> #N/A
C69: =if(D69<>0,TEXT(D69,"mm/yyyy"),"") -> 01/2022 | D69: 44575 | E69: Xe Quang chở khách Âu đội Vy đi 482-Q4-PHHT <=> | G69: Chi phí bán hàng chưa thanh toán | H69: =IF(G69="","",VLOOKUP($G69,'Quy chuẩn hạch toán'!$B:$E,2,0)) -> 641 | I69: =IF(H69="","",VLOOKUP($G69,'Quy chuẩn hạch toán'!$B:$E,3,0)) -> 331 | J69: 2736000 | O69: =IF($Q69<>0,VLOOKUP($Q69,DM_KM,3,0),"") -> #N/A | P69: =IF($Q69<>0,VLOOKUP($Q69,DM_KM,5,0),"") -> #N/A | Q69: THUEXE | R69: =IF(S69<>0,VLOOKUP(S69,DM_DUAN,3,0),"") -> #N/A | S69: =IF(U69<>0,VLOOKUP(U69,DM_DUAN,3,0),"") -> THANHNAM | U69: PHUOCHOI | V69: =IF(W69<>0,VLOOKUP(W69,DM_DUAN,3,0),"") | X69: =IF(Y69<>0,VLOOKUP(Y69,DM_DUAN,3,0),"") -> #N/A | Y69: BP.KD | Z69: =IF(AA69<>0,VLOOKUP(AA69,DM_DUAN,3,0),"") -> #N/A | AA69: VY | AB69: =IF(AC69<>0,VLOOKUP(AC69,DM_DUAN,3,0),"") | AD69: =IF(AC69<>0,VLOOKUP(AC69,DM_NV,2,0),"") | AF69: =IF(AE69<>0,VLOOKUP(AE69,DM_NV,2,0),"")
C70: =if(D70<>0,TEXT(D70,"mm/yyyy"),"") | H70: =IF(G70="","",VLOOKUP($G70,'Quy chuẩn hạch toán'!$B:$E,2,0)) | I70: =IF(H70="","",VLOOKUP($G70,'Quy chuẩn hạch toán'!$B:$E,3,0)) | O70: =IF($Q70<>0,VLOOKUP($Q70,DM_KM,3,0),"") | P70: =IF($Q70<>0,VLOOKUP($Q70,DM_KM,5,0),"") | R70: =IF(S70<>0,VLOOKUP(S70,DM_DUAN,3,0),"") -> #N/A | S70: =IF(U70<>0,VLOOKUP(U70,DM_DUAN,3,0),"") | V70: =IF(W70<>0,VLOOKUP(W70,DM_DUAN,3,0),"") | X70: =IF(Y70<>0,VLOOKUP(Y70,DM_DUAN,3,0),"") | Z70: =IF(AA70<>0,VLOOKUP(AA70,DM_DUAN,3,0),"") | AB70: =IF(AC70<>0,VLOOKUP(AC70,DM_DUAN,3,0),"") | AD70: =IF(AC70<>0,VLOOKUP(AC70,DM_NV,2,0),"") | AE70: GIAOTE | AF70: =IF(AE70<>0,VLOOKUP(AE70,DM_NV,2,0),"") -> #N/A
C71: =if(D71<>0,TEXT(D71,"mm/yyyy"),"") -> 01/2022 | D71: 44577 | E71: Xe Nam chở khách Duy đội Thu đi 482-Tân Thới Hiệp-PHHT <=> | G71: Chi phí bán hàng chưa thanh toán | H71: =IF(G71="","",VLOOKUP($G71,'Quy chuẩn hạch toán'!$B:$E,2,0)) -> 641 | I71: =IF(H71="","",VLOOKUP($G71,'Quy chuẩn hạch toán'!$B:$E,3,0)) -> 331 | J71: 2736000 | O71: =IF($Q71<>0,VLOOKUP($Q71,DM_KM,3,0),"") -> #N/A | P71: =IF($Q71<>0,VLOOKUP($Q71,DM_KM,5,0),"") -> #N/A | Q71: THUEXE | R71: =IF(S71<>0,VLOOKUP(S71,DM_DUAN,3,0),"") -> #N/A | S71: =IF(U71<>0,VLOOKUP(U71,DM_DUAN,3,0),"") -> THANHNAM | U71: PHUOCHOI | V71: =IF(W71<>0,VLOOKUP(W71,DM_DUAN,3,0),"") | X71: =IF(Y71<>0,VLOOKUP(Y71,DM_DUAN,3,0),"") -> #N/A | Y71: BP.KD | Z71: =IF(AA71<>0,VLOOKUP(AA71,DM_DUAN,3,0),"") -> #N/A | AA71: THU | AB71: =IF(AC71<>0,VLOOKUP(AC71,DM_DUAN,3,0),"") -> #N/A | AC71: L0002 | AD71: =IF(AC71<>0,VLOOKUP(AC71,DM_NV,2,0),"") -> Nguyễn Thị Mai Thu | AF71: =IF(AE71<>0,VLOOKUP(AE71,DM_NV,2,0),"")
C72: =if(D72<>0,TEXT(D72,"mm/yyyy"),"") -> 01/2022 | D72: 44577 | E72: Xe Quý chở khách đội Quân: 482-Q12-PHHT <=> | G72: Chi phí bán hàng chưa thanh toán | H72: =IF(G72="","",VLOOKUP($G72,'Quy chuẩn hạch toán'!$B:$E,2,0)) -> 641 | I72: =IF(H72="","",VLOOKUP($G72,'Quy chuẩn hạch toán'!$B:$E,3,0)) -> 331 | J72: 2680000 | O72: =IF($Q72<>0,VLOOKUP($Q72,DM_KM,3,0),"") -> #N/A | P72: =IF($Q72<>0,VLOOKUP($Q72,DM_KM,5,0),"") -> #N/A | Q72: THUEXE | R72: =IF(S72<>0,VLOOKUP(S72,DM_DUAN,3,0),"") -> #N/A | S72: =IF(U72<>0,VLOOKUP(U72,DM_DUAN,3,0),"") -> THANHNAM | U72: PHUOCHOI | V72: =IF(W72<>0,VLOOKUP(W72,DM_DUAN,3,0),"") | X72: =IF(Y72<>0,VLOOKUP(Y72,DM_DUAN,3,0),"") -> #N/A | Y72: BP.KD | Z72: =IF(AA72<>0,VLOOKUP(AA72,DM_DUAN,3,0),"") -> #N/A | AA72: QUAN | AB72: =IF(AC72<>0,VLOOKUP(AC72,DM_DUAN,3,0),"") -> #N/A | AC72: L0006 | AD72: =IF(AC72<>0,VLOOKUP(AC72,DM_NV,2,0),"") -> Lê Hoàng Quân | AF72: =IF(AE72<>0,VLOOKUP(AE72,DM_NV,2,0),"") | AG72: Anh
C73: =if(D73<>0,TEXT(D73,"mm/yyyy"),"") -> 01/2022 | D73: 44578 | E73: Chi thanh toán phí thuê máy photo | G73: Thanh toán tiền mua DV ngoài cho công tác Quản lý | H73: =IF(G73="","",VLOOKUP($G73,'Quy chuẩn hạch toán'!$B:$E,2,0)) -> 642 | I73: =IF(H73="","",VLOOKUP($G73,'Quy chuẩn hạch toán'!$B:$E,3,0)) -> 1111 | J73: 314286 | O73: =IF($Q73<>0,VLOOKUP($Q73,DM_KM,3,0),"") -> #N/A | P73: =IF($Q73<>0,VLOOKUP($Q73,DM_KM,5,0),"") -> #N/A | Q73: INAN | R73: =IF(S73<>0,VLOOKUP(S73,DM_DUAN,3,0),"") -> #N/A | S73: =IF(U73<>0,VLOOKUP(U73,DM_DUAN,3,0),"") | V73: =IF(W73<>0,VLOOKUP(W73,DM_DUAN,3,0),"") | X73: =IF(Y73<>0,VLOOKUP(Y73,DM_DUAN,3,0),"") -> #N/A | Y73: BP.HC-NS | Z73: =IF(AA73<>0,VLOOKUP(AA73,DM_DUAN,3,0),"") -> #N/A | AA73: THU | AB73: =IF(AC73<>0,VLOOKUP(AC73,DM_DUAN,3,0),"") | AD73: =IF(AC73<>0,VLOOKUP(AC73,DM_NV,2,0),"") | AE73: HANHCHINH | AF73: =IF(AE73<>0,VLOOKUP(AE73,DM_NV,2,0),"") -> #N/A
C74: =if(D74<>0,TEXT(D74,"mm/yyyy"),"") -> 01/2022 | D74: 44578 | E74: Chi thanh toán phí thuê máy photo | G74: Thanh toán tiền mua DV ngoài cho công tác Quản lý | H74: =IF(G74="","",VLOOKUP($G74,'Quy chuẩn hạch toán'!$B:$E,2,0)) -> 642 | I74: =IF(H74="","",VLOOKUP($G74,'Quy chuẩn hạch toán'!$B:$E,3,0)) -> 1111 | J74: 209524 | O74: =IF($Q74<>0,VLOOKUP($Q74,DM_KM,3,0),"") -> #N/A | P74: =IF($Q74<>0,VLOOKUP($Q74,DM_KM,5,0),"") -> #N/A | Q74: INAN | R74: =IF(S74<>0,VLOOKUP(S74,DM_DUAN,3,0),"") -> #N/A | S74: =IF(U74<>0,VLOOKUP(U74,DM_DUAN,3,0),"") | V74: =IF(W74<>0,VLOOKUP(W74,DM_DUAN,3,0),"") | X74: =IF(Y74<>0,VLOOKUP(Y74,DM_DUAN,3,0),"") -> #N/A | Y74: BP.HC-NS | Z74: =IF(AA74<>0,VLOOKUP(AA74,DM_DUAN,3,0),"") -> #N/A | AA74: NAM | AB74: =IF(AC74<>0,VLOOKUP(AC74,DM_DUAN,3,0),"") | AD74: =IF(AC74<>0,VLOOKUP(AC74,DM_NV,2,0),"") | AE74: HANHCHINH | AF74: =IF(AE74<>0,VLOOKUP(AE74,DM_NV,2,0),"") -> #N/A
C75: =if(D75<>0,TEXT(D75,"mm/yyyy"),"") -> 01/2022 | D75: 44578 | E75: Chi thanh toán phí thuê máy photo | G75: Thanh toán tiền mua DV ngoài cho công tác Quản lý | H75: =IF(G75="","",VLOOKUP($G75,'Quy chuẩn hạch toán'!$B:$E,2,0)) -> 642 | I75: =IF(H75="","",VLOOKUP($G75,'Quy chuẩn hạch toán'!$B:$E,3,0)) -> 1111 | J75: 419048 | O75: =IF($Q75<>0,VLOOKUP($Q75,DM_KM,3,0),"") -> #N/A | P75: =IF($Q75<>0,VLOOKUP($Q75,DM_KM,5,0),"") -> #N/A | Q75: INAN | R75: =IF(S75<>0,VLOOKUP(S75,DM_DUAN,3,0),"") -> #N/A | S75: =IF(U75<>0,VLOOKUP(U75,DM_DUAN,3,0),"") | V75: =IF(W75<>0,VLOOKUP(W75,DM_DUAN,3,0),"") | X75: =IF(Y75<>0,VLOOKUP(Y75,DM_DUAN,3,0),"") -> #N/A | Y75: BP.HC-NS | Z75: =IF(AA75<>0,VLOOKUP(AA75,DM_DUAN,3,0),"") -> #N/A | AA75: VY | AB75: =IF(AC75<>0,VLOOKUP(AC75,DM_DUAN,3,0),"") | AD75: =IF(AC75<>0,VLOOKUP(AC75,DM_NV,2,0),"") | AE75: HANHCHINH | AF75: =IF(AE75<>0,VLOOKUP(AE75,DM_NV,2,0),"") -> #N/A
C76: =if(D76<>0,TEXT(D76,"mm/yyyy"),"") -> 01/2022 | D76: 44578 | E76: Chi thanh toán phí thuê máy photo | G76: Thanh toán tiền mua DV ngoài cho công tác Quản lý | H76: =IF(G76="","",VLOOKUP($G76,'Quy chuẩn hạch toán'!$B:$E,2,0)) -> 642 | I76: =IF(H76="","",VLOOKUP($G76,'Quy chuẩn hạch toán'!$B:$E,3,0)) -> 1111 | J76: 157143 | O76: =IF($Q76<>0,VLOOKUP($Q76,DM_KM,3,0),"") -> #N/A | P76: =IF($Q76<>0,VLOOKUP($Q76,DM_KM,5,0),"") -> #N/A | Q76: INAN | R76: =IF(S76<>0,VLOOKUP(S76,DM_DUAN,3,0),"") -> #N/A | S76: =IF(U76<>0,VLOOKUP(U76,DM_DUAN,3,0),"") | V76: =IF(W76<>0,VLOOKUP(W76,DM_DUAN,3,0),"") | X76: =IF(Y76<>0,VLOOKUP(Y76,DM_DUAN,3,0),"") -> #N/A | Y76: BP.HC-NS | Z76: =IF(AA76<>0,VLOOKUP(AA76,DM_DUAN,3,0),"") -> #N/A | AA76: QUAN | AB76: =IF(AC76<>0,VLOOKUP(AC76,DM_DUAN,3,0),"") | AD76: =IF(AC76<>0,VLOOKUP(AC76,DM_NV,2,0),"") | AE76: HANHCHINH | AF76: =IF(AE76<>0,VLOOKUP(AE76,DM_NV,2,0),"") -> #N/A
C77: =if(D77<>0,TEXT(D77,"mm/yyyy"),"") -> 01/2022 | D77: 44578 | E77: Chi tiền internet phòng họp | G77: Thanh toán tiền mua DV ngoài cho công tác Quản lý | H77: =IF(G77="","",VLOOKUP($G77,'Quy chuẩn hạch toán'!$B:$E,2,0)) -> 642 | I77: =IF(H77="","",VLOOKUP($G77,'Quy chuẩn hạch toán'!$B:$E,3,0)) -> 1111 | J77: 62857 | O77: =IF($Q77<>0,VLOOKUP($Q77,DM_KM,3,0),"") -> #N/A | P77: =IF($Q77<>0,VLOOKUP($Q77,DM_KM,5,0),"") -> #N/A | Q77: INTERNET | R77: =IF(S77<>0,VLOOKUP(S77,DM_DUAN,3,0),"") -> #N/A | S77: =IF(U77<>0,VLOOKUP(U77,DM_DUAN,3,0),"") | V77: =IF(W77<>0,VLOOKUP(W77,DM_DUAN,3,0),"") | X77: =IF(Y77<>0,VLOOKUP(Y77,DM_DUAN,3,0),"") -> #N/A | Y77: BP.HC-NS | Z77: =IF(AA77<>0,VLOOKUP(AA77,DM_DUAN,3,0),"") -> #N/A | AA77: THU | AB77: =IF(AC77<>0,VLOOKUP(AC77,DM_DUAN,3,0),"") | AD77: =IF(AC77<>0,VLOOKUP(AC77,DM_NV,2,0),"") | AE77: HANHCHINH | AF77: =IF(AE77<>0,VLOOKUP(AE77,DM_NV,2,0),"") -> #N/A
C78: =if(D78<>0,TEXT(D78,"mm/yyyy"),"") -> 01/2022 | D78: 44578 | E78: Chi tiền internet phòng họp | G78: Thanh toán tiền mua DV ngoài cho công tác Quản lý | H78: =IF(G78="","",VLOOKUP($G78,'Quy chuẩn hạch toán'!$B:$E,2,0)) -> 642 | I78: =IF(H78="","",VLOOKUP($G78,'Quy chuẩn hạch toán'!$B:$E,3,0)) -> 1111 | J78: 41905 | O78: =IF($Q78<>0,VLOOKUP($Q78,DM_KM,3,0),"") -> #N/A | P78: =IF($Q78<>0,VLOOKUP($Q78,DM_KM,5,0),"") -> #N/A | Q78: INTERNET | R78: =IF(S78<>0,VLOOKUP(S78,DM_DUAN,3,0),"") -> #N/A | S78: =IF(U78<>0,VLOOKUP(U78,DM_DUAN,3,0),"") | V78: =IF(W78<>0,VLOOKUP(W78,DM_DUAN,3,0),"") | X78: =IF(Y78<>0,VLOOKUP(Y78,DM_DUAN,3,0),"") -> #N/A | Y78: BP.HC-NS | Z78: =IF(AA78<>0,VLOOKUP(AA78,DM_DUAN,3,0),"") -> #N/A | AA78: NAM | AB78: =IF(AC78<>0,VLOOKUP(AC78,DM_DUAN,3,0),"") | AD78: =IF(AC78<>0,VLOOKUP(AC78,DM_NV,2,0),"") | AE78: HANHCHINH | AF78: =IF(AE78<>0,VLOOKUP(AE78,DM_NV,2,0),"") -> #N/A
C79: =if(D79<>0,TEXT(D79,"mm/yyyy"),"") -> 01/2022 | D79: 44578 | E79: Chi tiền internet phòng họp | G79: Thanh toán tiền mua DV ngoài cho công tác Quản lý | H79: =IF(G79="","",VLOOKUP($G79,'Quy chuẩn hạch toán'!$B:$E,2,0)) -> 642 | I79: =IF(H79="","",VLOOKUP($G79,'Quy chuẩn hạch toán'!$B:$E,3,0)) -> 1111 | J79: 83810 | O79: =IF($Q79<>0,VLOOKUP($Q79,DM_KM,3,0),"") -> #N/A | P79: =IF($Q79<>0,VLOOKUP($Q79,DM_KM,5,0),"") -> #N/A | Q79: INTERNET | R79: =IF(S79<>0,VLOOKUP(S79,DM_DUAN,3,0),"") -> #N/A | S79: =IF(U79<>0,VLOOKUP(U79,DM_DUAN,3,0),"") | V79: =IF(W79<>0,VLOOKUP(W79,DM_DUAN,3,0),"") | X79: =IF(Y79<>0,VLOOKUP(Y79,DM_DUAN,3,0),"") -> #N/A | Y79: BP.HC-NS | Z79: =IF(AA79<>0,VLOOKUP(AA79,DM_DUAN,3,0),"") -> #N/A | AA79: VY | AB79: =IF(AC79<>0,VLOOKUP(AC79,DM_DUAN,3,0),"") | AD79: =IF(AC79<>0,VLOOKUP(AC79,DM_NV,2,0),"") | AE79: HANHCHINH | AF79: =IF(AE79<>0,VLOOKUP(AE79,DM_NV,2,0),"") -> #N/A
C80: =if(D80<>0,TEXT(D80,"mm/yyyy"),"") -> 01/2022 | D80: 44578 | E80: Chi tiền internet phòng họp | G80: Thanh toán tiền mua DV ngoài cho công tác Quản lý | H80: =IF(G80="","",VLOOKUP($G80,'Quy chuẩn hạch toán'!$B:$E,2,0)) -> 642 | I80: =IF(H80="","",VLOOKUP($G80,'Quy chuẩn hạch toán'!$B:$E,3,0)) -> 1111 | J80: 31429 | O80: =IF($Q80<>0,VLOOKUP($Q80,DM_KM,3,0),"") -> #N/A | P80: =IF($Q80<>0,VLOOKUP($Q80,DM_KM,5,0),"") -> #N/A | Q80: INTERNET | R80: =IF(S80<>0,VLOOKUP(S80,DM_DUAN,3,0),"") -> #N/A | S80: =IF(U80<>0,VLOOKUP(U80,DM_DUAN,3,0),"") | V80: =IF(W80<>0,VLOOKUP(W80,DM_DUAN,3,0),"") | X80: =IF(Y80<>0,VLOOKUP(Y80,DM_DUAN,3,0),"") -> #N/A | Y80: BP.HC-NS | Z80: =IF(AA80<>0,VLOOKUP(AA80,DM_DUAN,3,0),"") -> #N/A | AA80: QUAN | AB80: =IF(AC80<>0,VLOOKUP(AC80,DM_DUAN,3,0),"") | AD80: =IF(AC80<>0,VLOOKUP(AC80,DM_NV,2,0),"") | AE80: HANHCHINH | AF80: =IF(AE80<>0,VLOOKUP(AE80,DM_NV,2,0),"") -> #N/A | AG80: TT CK
C81: =if(D81<>0,TEXT(D81,"mm/yyyy"),"") -> 01/2022 | D81: 44578 | E81: Lương VP | G81: Chi phí lương BPVP | H81: =IF(G81="","",VLOOKUP($G81,'Quy chuẩn hạch toán'!$B:$E,2,0)) -> 642 | I81: =IF(H81="","",VLOOKUP($G81,'Quy chuẩn hạch toán'!$B:$E,3,0)) -> 3341 | J81: 3418587 | O81: =IF($Q81<>0,VLOOKUP($Q81,DM_KM,3,0),"") -> #N/A | P81: =IF($Q81<>0,VLOOKUP($Q81,DM_KM,5,0),"") -> #N/A | Q81: LUONGQL | R81: =IF(S81<>0,VLOOKUP(S81,DM_DUAN,3,0),"") -> #N/A | S81: =IF(U81<>0,VLOOKUP(U81,DM_DUAN,3,0),"") | V81: =IF(W81<>0,VLOOKUP(W81,DM_DUAN,3,0),"") | X81: =IF(Y81<>0,VLOOKUP(Y81,DM_DUAN,3,0),"") -> #N/A | Y81: BP.HC-NS | Z81: =IF(AA81<>0,VLOOKUP(AA81,DM_DUAN,3,0),"") -> #N/A | AA81: THU | AB81: =IF(AC81<>0,VLOOKUP(AC81,DM_DUAN,3,0),"") | AD81: =IF(AC81<>0,VLOOKUP(AC81,DM_NV,2,0),"") | AF81: =IF(AE81<>0,VLOOKUP(AE81,DM_NV,2,0),"")
C82: =if(D82<>0,TEXT(D82,"mm/yyyy"),"") -> 01/2022 | D82: 44578 | E82: Lương VP | G82: Chi phí lương BPVP | H82: =IF(G82="","",VLOOKUP($G82,'Quy chuẩn hạch toán'!$B:$E,2,0)) -> 642 | I82: =IF(H82="","",VLOOKUP($G82,'Quy chuẩn hạch toán'!$B:$E,3,0)) -> 3341 | J82: 2279058 | O82: =IF($Q82<>0,VLOOKUP($Q82,DM_KM,3,0),"") -> #N/A | P82: =IF($Q82<>0,VLOOKUP($Q82,DM_KM,5,0),"") -> #N/A | Q82: LUONGQL | R82: =IF(S82<>0,VLOOKUP(S82,DM_DUAN,3,0),"") -> #N/A | S82: =IF(U82<>0,VLOOKUP(U82,DM_DUAN,3,0),"") | V82: =IF(W82<>0,VLOOKUP(W82,DM_DUAN,3,0),"") | X82: =IF(Y82<>0,VLOOKUP(Y82,DM_DUAN,3,0),"") -> #N/A | Y82: BP.HC-NS | Z82: =IF(AA82<>0,VLOOKUP(AA82,DM_DUAN,3,0),"") -> #N/A | AA82: NAM | AB82: =IF(AC82<>0,VLOOKUP(AC82,DM_DUAN,3,0),"") | AD82: =IF(AC82<>0,VLOOKUP(AC82,DM_NV,2,0),"") | AF82: =IF(AE82<>0,VLOOKUP(AE82,DM_NV,2,0),"")
C83: =if(D83<>0,TEXT(D83,"mm/yyyy"),"") -> 01/2022 | D83: 44578 | E83: Lương VP | G83: Chi phí lương BPVP | H83: =IF(G83="","",VLOOKUP($G83,'Quy chuẩn hạch toán'!$B:$E,2,0)) -> 642 | I83: =IF(H83="","",VLOOKUP($G83,'Quy chuẩn hạch toán'!$B:$E,3,0)) -> 3341 | J83: 4558117 | O83: =IF($Q83<>0,VLOOKUP($Q83,DM_KM,3,0),"") -> #N/A | P83: =IF($Q83<>0,VLOOKUP($Q83,DM_KM,5,0),"") -> #N/A | Q83: LUONGQL | R83: =IF(S83<>0,VLOOKUP(S83,DM_DUAN,3,0),"") -> #N/A | S83: =IF(U83<>0,VLOOKUP(U83,DM_DUAN,3,0),"") | V83: =IF(W83<>0,VLOOKUP(W83,DM_DUAN,3,0),"") | X83: =IF(Y83<>0,VLOOKUP(Y83,DM_DUAN,3,0),"") -> #N/A | Y83: BP.HC-NS | Z83: =IF(AA83<>0,VLOOKUP(AA83,DM_DUAN,3,0),"") -> #N/A | AA83: VY | AB83: =IF(AC83<>0,VLOOKUP(AC83,DM_DUAN,3,0),"") | AD83: =IF(AC83<>0,VLOOKUP(AC83,DM_NV,2,0),"") | AF83: =IF(AE83<>0,VLOOKUP(AE83,DM_NV,2,0),"")
C84: =if(D84<>0,TEXT(D84,"mm/yyyy"),"") -> 01/2022 | D84: 44578 | E84: Lương VP | G84: Chi phí lương BPVP | H84: =IF(G84="","",VLOOKUP($G84,'Quy chuẩn hạch toán'!$B:$E,2,0)) -> 642 | I84: =IF(H84="","",VLOOKUP($G84,'Quy chuẩn hạch toán'!$B:$E,3,0)) -> 3341 | J84: 1709294 | O84: =IF($Q84<>0,VLOOKUP($Q84,DM_KM,3,0),"") -> #N/A | P84: =IF($Q84<>0,VLOOKUP($Q84,DM_KM,5,0),"") -> #N/A | Q84: LUONGQL | R84: =IF(S84<>0,VLOOKUP(S84,DM_DUAN,3,0),"") -> #N/A | S84: =IF(U84<>0,VLOOKUP(U84,DM_DUAN,3,0),"") | V84: =IF(W84<>0,VLOOKUP(W84,DM_DUAN,3,0),"") | X84: =IF(Y84<>0,VLOOKUP(Y84,DM_DUAN,3,0),"") -> #N/A | Y84: BP.HC-NS | Z84: =IF(AA84<>0,VLOOKUP(AA84,DM_DUAN,3,0),"") -> #N/A | AA84: QUAN | AB84: =IF(AC84<>0,VLOOKUP(AC84,DM_DUAN,3,0),"") | AD84: =IF(AC84<>0,VLOOKUP(AC84,DM_NV,2,0),"") | AF84: =IF(AE84<>0,VLOOKUP(AE84,DM_NV,2,0),"")
C85: =if(D85<>0,TEXT(D85,"mm/yyyy"),"") -> 01/2022 | D85: 44578 | E85: Mua hoa + trái cây ông Địa M15/12 | G85: Thanh toán tiền mua DV ngoài cho công tác Quản lý | H85: =IF(G85="","",VLOOKUP($G85,'Quy chuẩn hạch toán'!$B:$E,2,0)) -> 642 | I85: =IF(H85="","",VLOOKUP($G85,'Quy chuẩn hạch toán'!$B:$E,3,0)) -> 1111 | J85: 41143 | O85: =IF($Q85<>0,VLOOKUP($Q85,DM_KM,3,0),"") -> #N/A | P85: =IF($Q85<>0,VLOOKUP($Q85,DM_KM,5,0),"") -> #N/A | Q85: THOCUNG | R85: =IF(S85<>0,VLOOKUP(S85,DM_DUAN,3,0),"") -> #N/A | S85: =IF(U85<>0,VLOOKUP(U85,DM_DUAN,3,0),"") | V85: =IF(W85<>0,VLOOKUP(W85,DM_DUAN,3,0),"") | X85: =IF(Y85<>0,VLOOKUP(Y85,DM_DUAN,3,0),"") -> #N/A | Y85: BP.HC-NS | Z85: =IF(AA85<>0,VLOOKUP(AA85,DM_DUAN,3,0),"") -> #N/A | AA85: THU | AB85: =IF(AC85<>0,VLOOKUP(AC85,DM_DUAN,3,0),"") | AD85: =IF(AC85<>0,VLOOKUP(AC85,DM_NV,2,0),"") | AE85: MUANGOAI | AF85: =IF(AE85<>0,VLOOKUP(AE85,DM_NV,2,0),"") -> #N/A
C86: =if(D86<>0,TEXT(D86,"mm/yyyy"),"") -> 01/2022 | D86: 44578 | E86: Mua hoa + trái cây ông Địa M15/12 | G86: Thanh toán tiền mua DV ngoài cho công tác Quản lý | H86: =IF(G86="","",VLOOKUP($G86,'Quy chuẩn hạch toán'!$B:$E,2,0)) -> 642 | I86: =IF(H86="","",VLOOKUP($G86,'Quy chuẩn hạch toán'!$B:$E,3,0)) -> 1111 | J86: 27429 | O86: =IF($Q86<>0,VLOOKUP($Q86,DM_KM,3,0),"") -> #N/A | P86: =IF($Q86<>0,VLOOKUP($Q86,DM_KM,5,0),"") -> #N/A | Q86: THOCUNG | R86: =IF(S86<>0,VLOOKUP(S86,DM_DUAN,3,0),"") -> #N/A | S86: =IF(U86<>0,VLOOKUP(U86,DM_DUAN,3,0),"") | V86: =IF(W86<>0,VLOOKUP(W86,DM_DUAN,3,0),"") | X86: =IF(Y86<>0,VLOOKUP(Y86,DM_DUAN,3,0),"") -> #N/A | Y86: BP.HC-NS | Z86: =IF(AA86<>0,VLOOKUP(AA86,DM_DUAN,3,0),"") -> #N/A | AA86: NAM | AB86: =IF(AC86<>0,VLOOKUP(AC86,DM_DUAN,3,0),"") | AD86: =IF(AC86<>0,VLOOKUP(AC86,DM_NV,2,0),"") | AE86: MUANGOAI | AF86: =IF(AE86<>0,VLOOKUP(AE86,DM_NV,2,0),"") -> #N/A
C87: =if(D87<>0,TEXT(D87,"mm/yyyy"),"") -> 01/2022 | D87: 44578 | E87: Mua hoa + trái cây ông Địa M15/12 | G87: Thanh toán tiền mua DV ngoài cho công tác Quản lý | H87: =IF(G87="","",VLOOKUP($G87,'Quy chuẩn hạch toán'!$B:$E,2,0)) -> 642 | I87: =IF(H87="","",VLOOKUP($G87,'Quy chuẩn hạch toán'!$B:$E,3,0)) -> 1111 | J87: 54857 | O87: =IF($Q87<>0,VLOOKUP($Q87,DM_KM,3,0),"") -> #N/A | P87: =IF($Q87<>0,VLOOKUP($Q87,DM_KM,5,0),"") -> #N/A | Q87: THOCUNG | R87: =IF(S87<>0,VLOOKUP(S87,DM_DUAN,3,0),"") -> #N/A | S87: =IF(U87<>0,VLOOKUP(U87,DM_DUAN,3,0),"") | V87: =IF(W87<>0,VLOOKUP(W87,DM_DUAN,3,0),"") | X87: =IF(Y87<>0,VLOOKUP(Y87,DM_DUAN,3,0),"") -> #N/A | Y87: BP.HC-NS | Z87: =IF(AA87<>0,VLOOKUP(AA87,DM_DUAN,3,0),"") -> #N/A | AA87: VY | AB87: =IF(AC87<>0,VLOOKUP(AC87,DM_DUAN,3,0),"") | AD87: =IF(AC87<>0,VLOOKUP(AC87,DM_NV,2,0),"") | AE87: MUANGOAI | AF87: =IF(AE87<>0,VLOOKUP(AE87,DM_NV,2,0),"") -> #N/A
C88: =if(D88<>0,TEXT(D88,"mm/yyyy"),"") -> 01/2022 | D88: 44578 | E88: Mua hoa + trái cây ông Địa M15/12 | G88: Thanh toán tiền mua DV ngoài cho công tác Quản lý | H88: =IF(G88="","",VLOOKUP($G88,'Quy chuẩn hạch toán'!$B:$E,2,0)) -> 642 | I88: =IF(H88="","",VLOOKUP($G88,'Quy chuẩn hạch toán'!$B:$E,3,0)) -> 1111 | J88: 20571 | O88: =IF($Q88<>0,VLOOKUP($Q88,DM_KM,3,0),"") -> #N/A | P88: =IF($Q88<>0,VLOOKUP($Q88,DM_KM,5,0),"") -> #N/A | Q88: THOCUNG | R88: =IF(S88<>0,VLOOKUP(S88,DM_DUAN,3,0),"") -> #N/A | S88: =IF(U88<>0,VLOOKUP(U88,DM_DUAN,3,0),"") | V88: =IF(W88<>0,VLOOKUP(W88,DM_DUAN,3,0),"") | X88: =IF(Y88<>0,VLOOKUP(Y88,DM_DUAN,3,0),"") -> #N/A | Y88: BP.HC-NS | Z88: =IF(AA88<>0,VLOOKUP(AA88,DM_DUAN,3,0),"") -> #N/A | AA88: QUAN | AB88: =IF(AC88<>0,VLOOKUP(AC88,DM_DUAN,3,0),"") | AD88: =IF(AC88<>0,VLOOKUP(AC88,DM_NV,2,0),"") | AE88: MUANGOAI | AF88: =IF(AE88<>0,VLOOKUP(AE88,DM_NV,2,0),"") -> #N/A
C89: =if(D89<>0,TEXT(D89,"mm/yyyy"),"") -> 01/2022 | D89: 44578 | E89: Tiền nhà T2/2021 Phòng Họp lầu 5 231 | G89: Chi phí quản lý chưa thanh toán | H89: =IF(G89="","",VLOOKUP($G89,'Quy chuẩn hạch toán'!$B:$E,2,0)) -> 642 | I89: =IF(H89="","",VLOOKUP($G89,'Quy chuẩn hạch toán'!$B:$E,3,0)) -> 331 | J89: 1142857 | O89: =IF($Q89<>0,VLOOKUP($Q89,DM_KM,3,0),"") -> THUEVP | P89: =IF($Q89<>0,VLOOKUP($Q89,DM_KM,5,0),"") -> 642 | Q89: THUEVP | R89: =IF(S89<>0,VLOOKUP(S89,DM_DUAN,3,0),"") -> #N/A | S89: =IF(U89<>0,VLOOKUP(U89,DM_DUAN,3,0),"") | V89: =IF(W89<>0,VLOOKUP(W89,DM_DUAN,3,0),"") | X89: =IF(Y89<>0,VLOOKUP(Y89,DM_DUAN,3,0),"") -> #N/A | Y89: BP.KD | Z89: =IF(AA89<>0,VLOOKUP(AA89,DM_DUAN,3,0),"") -> #N/A | AA89: THU | AB89: =IF(AC89<>0,VLOOKUP(AC89,DM_DUAN,3,0),"") | AD89: =IF(AC89<>0,VLOOKUP(AC89,DM_NV,2,0),"") | AF89: =IF(AE89<>0,VLOOKUP(AE89,DM_NV,2,0),"")
C90: =if(D90<>0,TEXT(D90,"mm/yyyy"),"") -> 01/2022 | D90: 44578 | E90: Tiền nhà T2/2021 Phòng Họp lầu 5 231 | G90: Chi phí quản lý chưa thanh toán | H90: =IF(G90="","",VLOOKUP($G90,'Quy chuẩn hạch toán'!$B:$E,2,0)) -> 642 | I90: =IF(H90="","",VLOOKUP($G90,'Quy chuẩn hạch toán'!$B:$E,3,0)) -> 331 | J90: 761905 | O90: =IF($Q90<>0,VLOOKUP($Q90,DM_KM,3,0),"") -> THUEVP | P90: =IF($Q90<>0,VLOOKUP($Q90,DM_KM,5,0),"") -> 642 | Q90: THUEVP | R90: =IF(S90<>0,VLOOKUP(S90,DM_DUAN,3,0),"") -> #N/A | S90: =IF(U90<>0,VLOOKUP(U90,DM_DUAN,3,0),"") | V90: =IF(W90<>0,VLOOKUP(W90,DM_DUAN,3,0),"") | X90: =IF(Y90<>0,VLOOKUP(Y90,DM_DUAN,3,0),"") -> #N/A | Y90: BP.KD | Z90: =IF(AA90<>0,VLOOKUP(AA90,DM_DUAN,3,0),"") -> #N/A | AA90: NAM | AB90: =IF(AC90<>0,VLOOKUP(AC90,DM_DUAN,3,0),"") | AD90: =IF(AC90<>0,VLOOKUP(AC90,DM_NV,2,0),"") | AF90: =IF(AE90<>0,VLOOKUP(AE90,DM_NV,2,0),"")
C91: =if(D91<>0,TEXT(D91,"mm/yyyy"),"") -> 01/2022 | D91: 44578 | E91: Tiền nhà T2/2021 Phòng Họp lầu 5 231 | G91: Chi phí quản lý chưa thanh toán | H91: =IF(G91="","",VLOOKUP($G91,'Quy chuẩn hạch toán'!$B:$E,2,0)) -> 642 | I91: =IF(H91="","",VLOOKUP($G91,'Quy chuẩn hạch toán'!$B:$E,3,0)) -> 331 | J91: 1523810 | O91: =IF($Q91<>0,VLOOKUP($Q91,DM_KM,3,0),"") -> THUEVP | P91: =IF($Q91<>0,VLOOKUP($Q91,DM_KM,5,0),"") -> 642 | Q91: THUEVP | R91: =IF(S91<>0,VLOOKUP(S91,DM_DUAN,3,0),"") -> #N/A | S91: =IF(U91<>0,VLOOKUP(U91,DM_DUAN,3,0),"") | V91: =IF(W91<>0,VLOOKUP(W91,DM_DUAN,3,0),"") | X91: =IF(Y91<>0,VLOOKUP(Y91,DM_DUAN,3,0),"") -> #N/A | Y91: BP.KD | Z91: =IF(AA91<>0,VLOOKUP(AA91,DM_DUAN,3,0),"") -> #N/A | AA91: VY | AB91: =IF(AC91<>0,VLOOKUP(AC91,DM_DUAN,3,0),"") | AD91: =IF(AC91<>0,VLOOKUP(AC91,DM_NV,2,0),"") | AF91: =IF(AE91<>0,VLOOKUP(AE91,DM_NV,2,0),"")
C92: =if(D92<>0,TEXT(D92,"mm/yyyy"),"") -> 01/2022 | D92: 44578 | E92: Tiền nhà T2/2021 Phòng Họp lầu 5 231 | G92: Chi phí quản lý chưa thanh toán | H92: =IF(G92="","",VLOOKUP($G92,'Quy chuẩn hạch toán'!$B:$E,2,0)) -> 642 | I92: =IF(H92="","",VLOOKUP($G92,'Quy chuẩn hạch toán'!$B:$E,3,0)) -> 331 | J92: 571429 | O92: =IF($Q92<>0,VLOOKUP($Q92,DM_KM,3,0),"") -> THUEVP | P92: =IF($Q92<>0,VLOOKUP($Q92,DM_KM,5,0),"") -> 642 | Q92: THUEVP | R92: =IF(S92<>0,VLOOKUP(S92,DM_DUAN,3,0),"") -> #N/A | S92: =IF(U92<>0,VLOOKUP(U92,DM_DUAN,3,0),"") | V92: =IF(W92<>0,VLOOKUP(W92,DM_DUAN,3,0),"") | X92: =IF(Y92<>0,VLOOKUP(Y92,DM_DUAN,3,0),"") -> #N/A | Y92: BP.KD | Z92: =IF(AA92<>0,VLOOKUP(AA92,DM_DUAN,3,0),"") -> #N/A | AA92: QUAN | AB92: =IF(AC92<>0,VLOOKUP(AC92,DM_DUAN,3,0),"") | AD92: =IF(AC92<>0,VLOOKUP(AC92,DM_NV,2,0),"") | AF92: =IF(AE92<>0,VLOOKUP(AE92,DM_NV,2,0),"")
C93: =if(D93<>0,TEXT(D93,"mm/yyyy"),"") -> 01/2022 | D93: 44579 | E93: Chi tiền điện 482 | G93: Thanh toán tiền mua DV ngoài cho công tác Quản lý | H93: =IF(G93="","",VLOOKUP($G93,'Quy chuẩn hạch toán'!$B:$E,2,0)) -> 642 | I93: =IF(H93="","",VLOOKUP($G93,'Quy chuẩn hạch toán'!$B:$E,3,0)) -> 1111 | J93: 1158857 | O93: =IF($Q93<>0,VLOOKUP($Q93,DM_KM,3,0),"") -> #N/A | P93: =IF($Q93<>0,VLOOKUP($Q93,DM_KM,5,0),"") -> #N/A | Q93: DIEN | R93: =IF(S93<>0,VLOOKUP(S93,DM_DUAN,3,0),"") -> #N/A | S93: =IF(U93<>0,VLOOKUP(U93,DM_DUAN,3,0),"") | V93: =IF(W93<>0,VLOOKUP(W93,DM_DUAN,3,0),"") | X93: =IF(Y93<>0,VLOOKUP(Y93,DM_DUAN,3,0),"") -> #N/A | Y93: BP.HC-NS | Z93: =IF(AA93<>0,VLOOKUP(AA93,DM_DUAN,3,0),"") -> #N/A | AA93: THU | AB93: =IF(AC93<>0,VLOOKUP(AC93,DM_DUAN,3,0),"") | AD93: =IF(AC93<>0,VLOOKUP(AC93,DM_NV,2,0),"") | AE93: DIENNUOC | AF93: =IF(AE93<>0,VLOOKUP(AE93,DM_NV,2,0),"") -> #N/A
C94: =if(D94<>0,TEXT(D94,"mm/yyyy"),"") -> 01/2022 | D94: 44579 | E94: Chi tiền điện 482 | G94: Thanh toán tiền mua DV ngoài cho công tác Quản lý | H94: =IF(G94="","",VLOOKUP($G94,'Quy chuẩn hạch toán'!$B:$E,2,0)) -> 642 | I94: =IF(H94="","",VLOOKUP($G94,'Quy chuẩn hạch toán'!$B:$E,3,0)) -> 1111 | J94: 772571 | O94: =IF($Q94<>0,VLOOKUP($Q94,DM_KM,3,0),"") -> #N/A | P94: =IF($Q94<>0,VLOOKUP($Q94,DM_KM,5,0),"") -> #N/A | Q94: DIEN | R94: =IF(S94<>0,VLOOKUP(S94,DM_DUAN,3,0),"") -> #N/A | S94: =IF(U94<>0,VLOOKUP(U94,DM_DUAN,3,0),"") | V94: =IF(W94<>0,VLOOKUP(W94,DM_DUAN,3,0),"") | X94: =IF(Y94<>0,VLOOKUP(Y94,DM_DUAN,3,0),"") -> #N/A | Y94: BP.HC-NS | Z94: =IF(AA94<>0,VLOOKUP(AA94,DM_DUAN,3,0),"") -> #N/A | AA94: NAM | AB94: =IF(AC94<>0,VLOOKUP(AC94,DM_DUAN,3,0),"") | AD94: =IF(AC94<>0,VLOOKUP(AC94,DM_NV,2,0),"") | AE94: DIENNUOC | AF94: =IF(AE94<>0,VLOOKUP(AE94,DM_NV,2,0),"") -> #N/A
C95: =if(D95<>0,TEXT(D95,"mm/yyyy"),"") -> 01/2022 | D95: 44579 | E95: Chi tiền điện 482 | G95: Thanh toán tiền mua DV ngoài cho công tác Quản lý | H95: =IF(G95="","",VLOOKUP($G95,'Quy chuẩn hạch toán'!$B:$E,2,0)) -> 642 | I95: =IF(H95="","",VLOOKUP($G95,'Quy chuẩn hạch toán'!$B:$E,3,0)) -> 1111 | J95: 1545143 | O95: =IF($Q95<>0,VLOOKUP($Q95,DM_KM,3,0),"") -> #N/A | P95: =IF($Q95<>0,VLOOKUP($Q95,DM_KM,5,0),"") -> #N/A | Q95: DIEN | R95: =IF(S95<>0,VLOOKUP(S95,DM_DUAN,3,0),"") -> #N/A | S95: =IF(U95<>0,VLOOKUP(U95,DM_DUAN,3,0),"") | V95: =IF(W95<>0,VLOOKUP(W95,DM_DUAN,3,0),"") | X95: =IF(Y95<>0,VLOOKUP(Y95,DM_DUAN,3,0),"") -> #N/A | Y95: BP.HC-NS | Z95: =IF(AA95<>0,VLOOKUP(AA95,DM_DUAN,3,0),"") -> #N/A | AA95: VY | AB95: =IF(AC95<>0,VLOOKUP(AC95,DM_DUAN,3,0),"") | AD95: =IF(AC95<>0,VLOOKUP(AC95,DM_NV,2,0),"") | AE95: DIENNUOC | AF95: =IF(AE95<>0,VLOOKUP(AE95,DM_NV,2,0),"") -> #N/A
C96: =if(D96<>0,TEXT(D96,"mm/yyyy"),"") -> 01/2022 | D96: 44579 | E96: Chi tiền điện 482 | G96: Thanh toán tiền mua DV ngoài cho công tác Quản lý | H96: =IF(G96="","",VLOOKUP($G96,'Quy chuẩn hạch toán'!$B:$E,2,0)) -> 642 | I96: =IF(H96="","",VLOOKUP($G96,'Quy chuẩn hạch toán'!$B:$E,3,0)) -> 1111 | J96: 579429 | O96: =IF($Q96<>0,VLOOKUP($Q96,DM_KM,3,0),"") -> #N/A | P96: =IF($Q96<>0,VLOOKUP($Q96,DM_KM,5,0),"") -> #N/A | Q96: DIEN | R96: =IF(S96<>0,VLOOKUP(S96,DM_DUAN,3,0),"") -> #N/A | S96: =IF(U96<>0,VLOOKUP(U96,DM_DUAN,3,0),"") | V96: =IF(W96<>0,VLOOKUP(W96,DM_DUAN,3,0),"") | X96: =IF(Y96<>0,VLOOKUP(Y96,DM_DUAN,3,0),"") -> #N/A | Y96: BP.HC-NS | Z96: =IF(AA96<>0,VLOOKUP(AA96,DM_DUAN,3,0),"") -> #N/A | AA96: QUAN | AB96: =IF(AC96<>0,VLOOKUP(AC96,DM_DUAN,3,0),"") | AD96: =IF(AC96<>0,VLOOKUP(AC96,DM_NV,2,0),"") | AE96: DIENNUOC | AF96: =IF(AE96<>0,VLOOKUP(AE96,DM_NV,2,0),"") -> #N/A
C97: =if(D97<>0,TEXT(D97,"mm/yyyy"),"") -> 01/2022 | D97: 44579 | E97: CP MKT tháng 01/2022 - Sàn Vy | G97: Chi phí bán hàng chưa thanh toán | H97: =IF(G97="","",VLOOKUP($G97,'Quy chuẩn hạch toán'!$B:$E,2,0)) -> 641 | I97: =IF(H97="","",VLOOKUP($G97,'Quy chuẩn hạch toán'!$B:$E,3,0)) -> 331 | J97: 8000000 | O97: =IF($Q97<>0,VLOOKUP($Q97,DM_KM,3,0),"") -> #N/A | P97: =IF($Q97<>0,VLOOKUP($Q97,DM_KM,5,0),"") -> #N/A | Q97: MKT | R97: =IF(S97<>0,VLOOKUP(S97,DM_DUAN,3,0),"") -> #N/A | S97: =IF(U97<>0,VLOOKUP(U97,DM_DUAN,3,0),"") | V97: =IF(W97<>0,VLOOKUP(W97,DM_DUAN,3,0),"") | X97: =IF(Y97<>0,VLOOKUP(Y97,DM_DUAN,3,0),"") -> #N/A | Y97: BP.KD | Z97: =IF(AA97<>0,VLOOKUP(AA97,DM_DUAN,3,0),"") -> #N/A | AA97: VY | AB97: =IF(AC97<>0,VLOOKUP(AC97,DM_DUAN,3,0),"") | AD97: =IF(AC97<>0,VLOOKUP(AC97,DM_NV,2,0),"") | AF97: =IF(AE97<>0,VLOOKUP(AE97,DM_NV,2,0),"")
C98: =if(D98<>0,TEXT(D98,"mm/yyyy"),"") -> 01/2022 | D98: 44585 | E98: LK4-21 - Thu - Chi HHNV | G98: Thanh toán hoa hồng nhân viên, TP | H98: =IF(G98="","",VLOOKUP($G98,'Quy chuẩn hạch toán'!$B:$E,2,0)) -> 3341 | I98: =IF(H98="","",VLOOKUP($G98,'Quy chuẩn hạch toán'!$B:$E,3,0)) -> 1111 | J98: 45560000 | O98: =IF($Q98<>0,VLOOKUP($Q98,DM_KM,3,0),"") | P98: =IF($Q98<>0,VLOOKUP($Q98,DM_KM,5,0),"") | R98: =IF(S98<>0,VLOOKUP(S98,DM_DUAN,3,0),"") -> #N/A | S98: =IF(U98<>0,VLOOKUP(U98,DM_DUAN,3,0),"") -> THANHNAM | U98: PHUOCHOI | V98: =IF(W98<>0,VLOOKUP(W98,DM_DUAN,3,0),"") -> #N/A | W98: PH.LK4-21 | X98: =IF(Y98<>0,VLOOKUP(Y98,DM_DUAN,3,0),"") -> #N/A | Y98: BP.KD | Z98: =IF(AA98<>0,VLOOKUP(AA98,DM_DUAN,3,0),"") -> #N/A | AA98: THU | AB98: =IF(AC98<>0,VLOOKUP(AC98,DM_DUAN,3,0),"") | AD98: =IF(AC98<>0,VLOOKUP(AC98,DM_NV,2,0),"") | AE98: HOAHONG | AF98: =IF(AE98<>0,VLOOKUP(AE98,DM_NV,2,0),"") -> #N/A
C99: =if(D99<>0,TEXT(D99,"mm/yyyy"),"") -> 01/2022 | D99: 44585 | E99: LK4-21 - Thu - Chi Phí hỗ trợ | G99: Thanh toán chi phí gián tiếp bằng TM | H99: =IF(G99="","",VLOOKUP($G99,'Quy chuẩn hạch toán'!$B:$E,2,0)) -> 154 | I99: =IF(H99="","",VLOOKUP($G99,'Quy chuẩn hạch toán'!$B:$E,3,0)) -> 1111 | J99: 1000000 | U99: PHUOCHOI | W99: PH.LK4-21 | Y99: BP.KD | AA99: THU | AD99: =IF(AC99<>0,VLOOKUP(AC99,DM_NV,2,0),"") | AE99: HANHCHINH | AF99: =IF(AE99<>0,VLOOKUP(AE99,DM_NV,2,0),"") -> #N/A
C100: =if(D100<>0,TEXT(D100,"mm/yyyy"),"") -> 01/2022 | D100: 44585 | E100: LK4-21 - Thu - Chi Chiết khấu | G100: Chi chiết khấu | H100: =IF(G100="","",VLOOKUP($G100,'Quy chuẩn hạch toán'!$B:$E,2,0)) -> 521 | I100: =IF(H100="","",VLOOKUP($G100,'Quy chuẩn hạch toán'!$B:$E,3,0)) -> 1111 | J100: 18880000 | U100: PHUOCHOI | W100: PH.LK4-21 | Y100: BP.KD | AA100: THU | AD100: =IF(AC100<>0,VLOOKUP(AC100,DM_NV,2,0),"") | AE100: CHIETKHAU | AF100: =IF(AE100<>0,VLOOKUP(AE100,DM_NV,2,0),"") -> #N/A
...

Sheet Hệ thống tài khoản TT133
A1: SỐ HIỆU TK TT | C1: TÊN TÀI KHOẢN | D1: Tính chất | E1: Trạng thái | F1: Chức năng | G1: Theo dõi chi tiết theo
A2: Cấp 1 | B2: Cấp 2 | G2: Đối tượng | H2: Hợp đồng mua | I2: Hợp đồng bán | J2: Đơn hàng | K2: Tài khoản ngân hàng | L2: Khoản mục CP | M2: Dự án | N2: Sản phẩm | O2: Dòng tiền
C3: LOẠI TÀI KHOẢN TÀI SẢN
A4: 111 | C4: Tiền mặt | D4: Dư Nợ | E4: Sử dụng
B5: 1111 | C5: Tiền Việt Nam | D5: Dư Nợ | E5: Sử dụng
B6: 1112 | C6: Ngoại tệ | D6: Dư Nợ | E6: Sử dụng
A7: 112 | C7: Tiền gửi không kỳ hạn | D7: Dư Nợ | E7: Sử dụng | K7: Bắt buộc
B8: 1121 | C8: Tiền Việt Nam | D8: Dư Nợ | E8: Sử dụng
C9: Tài khoản Vpank 1224343
C10: Tài khaorn VCB 121323
B12: 1122 | C12: Ngoại tệ | D12: Dư Nợ | E12: Sử dụng
A13: 121 | C13: Chứng khoán kinh doanh | D13: Dư Nợ
A14: 128 | C14: Đầu tư nắm giữ đến ngày đáo hạn | D14: Dư Nợ
B15: 1281 | C15: Tiền gửi có kỳ hạn | D15: Dư Nợ
B16: 1288 | C16: Các khoản đầu tư khác nắm giữ đến ngày đáo hạn | D16: Dư Nợ
A17: 131 | C17: Phải thu của khách hàng | D17: Lưỡng tính | E17: Sử dụng | G17: Khách hàng
A18: 133 | C18: Thuế GTGT được khấu trừ | D18: Dư Nợ | E18: Sử dụng
B19: 1331 | C19: Thuế GTGT được khấu trừ của hàng hóa, dịch vụ | D19: Dư Nợ
B20: 1332 | C20: Thuế GTGT được khấu trừ của TSCĐ | D20: Dư Nợ
A21: 136 | C21: Phải thu nội bộ | D21: Dư Nợ
B22: 1361 | C22: Vốn kinh doanh ở đơn vị trực thuộc | D22: Dư Nợ
B23: 1368 | C23: Phải thu nội bộ khác | D23: Dư Nợ
A24: 138 | C24: Phải thu khác | D24: Dư Nợ | E24: Sử dụng
B25: 1381 | C25: Tài sản thiếu chờ xử lý | D25: Dư Nợ | E25: Sử dụng
B26: 1386 | C26: Cầm cố, thế chấp, ký quỹ, ký cược | D26: Dư Nợ
B27: 1388 | C27: Phải thu khác | D27: Dư Nợ | E27: Sử dụng
A28: 141 | C28: Tạm ứng | D28: Dư Nợ | E28: Sử dụng | G28: Nhân viên | K28: Bắt buộc
A29: 151 | C29: Hàng mua đang đi đường | D29: Dư Nợ
A30: 152 | C30: Nguyên liệu, vật liệu | D30: Dư Nợ
A31: 153 | C31: Công cụ, dụng cụ | D31: Dư Nợ
A32: 154 | C32: Chi phí sản xuất, kinh doanh dở dang | D32: Dư Nợ | E32: Sử dụng | L32: Bắt buộc
A33: 155 | C33: Sản phẩm | D33: Dư Nợ
A34: 156 | C34: Hàng hóa | D34: Dư Nợ
A35: 157 | C35: Hàng gửi đi bán | D35: Dư Nợ
A36: 211 | C36: Tài sản cố định hữu hình | D36: Dư Nợ
B37: 2111 | C37: TSCĐ hữu hình
B38: 2112 | C38: TSCĐ thuê tài chính
B39: 2113 | C39: TSCĐ vô hình
A40: 214 | C40: Hao mòn tài sản cố định | D40: Dư Có
B41: 2141 | C41: Hao mòn TSCĐ hữu hình | D41: Dư Có
B42: 2142 | C42: Hao mòn TSCĐ thuê tài chính | D42: Dư Có
B43: 2143 | C43: Hao mòn TSCĐ vô hình | D43: Dư Có
B44: 2147 | C44: Hao mòn bất động sản đầu tư | D44: Dư Có
A45: 217 | C45: Bất động sản đầu tư | D45: Dư Nợ
A46: 228 | C46: Đầu tư góp vốn vào đơn vị khác | D46: Dư Nợ
B47: 2281 | C47: Đầu tư vào công ty liên doanh, liên kết | D47: Dư Nợ
B48: 2288 | C48: Đầu tư khác | D48: Dư Nợ
A49: 229 | C49: Dự phòng tổn thất tài sản | D49: Dư Có
B50: 2291 | C50: Dự phòng giảm giá chứng khoán kinh doanh | D50: Dư Có
B51: 2292 | C51: Dự phòng tổn thất đầu tư vào đơn vị khác | D51: Dư Có
B52: 2293 | C52: Dự phòng phải thu khó đòi | D52: Dư Có
B53: 2294 | C53: Dự phòng giảm giá hàng tồn kho | D53: Dư Có
A54: 241 | C54: Xây dựng cơ bản dở dang | D54: Dư Nợ
B55: 2411 | C55: Mua sắm TSCĐ | D55: Dư Nợ
B56: 2412 | C56: Xây dựng cơ bản | D56: Dư Nợ
B57: 2413 | C57: Sửa chữa lớn TSCĐ | D57: Dư Nợ
A58: 242 | C58: Chi phí chờ phân bổ | D58: Dư Nợ
C59: LOẠI TÀI KHOẢN NỢ PHẢI TRẢ
A60: 331 | C60: Phải trả cho người bán | D60: Lưỡng tính | E60: Sử dụng | G60: Nhà cung cấp
A61: 333 | C61: Thuế và các khoản phải nộp Nhà nước | D61: Lưỡng tính | E61: Sử dụng
B62: 3331 | C62: Thuế giá trị gia tăng phải nộp | D62: Lưỡng tính | E62: Sử dụng
B63: 33311 | C63: Thuế GTGT đầu ra | D63: Lưỡng tính
B64: 33312 | C64: Thuế GTGT hàng nhập khẩu | D64: Lưỡng tính
B65: 3332 | C65: Thuế tiêu thụ đặc biệt | D65: Lưỡng tính
B66: 3333 | C66: Thuế xuất, nhập khẩu | D66: Lưỡng tính
B67: 3334 | C67: Thuế thu nhập doanh nghiệp | D67: Lưỡng tính | E67: Sử dụng
B68: 3335 | C68: Thuế thu nhập cá nhân | D68: Lưỡng tính | E68: Sử dụng
B69: 3336 | C69: Thuế tài nguyên | D69: Lưỡng tính
B70: 3337 | C70: Thuế nhà đất, tiền thuê đất | D70: Lưỡng tính
B71: 3338 | C71: Thuế bảo vệ môi trường và các loại thuế khác | D71: Lưỡng tính | E71: Sử dụng
B72: 33381 | C72: Thuế bảo vệ môi trường | D72: Lưỡng tính
B73: 33382 | C73: Các loại thuế khác | D73: Lưỡng tính
B74: 3339 | C74: Phí, lệ phí và các khoản phải nộp khác | D74: Lưỡng tính | E74: Sử dụng
A75: 334 | C75: Phải trả người lao động | D75: Lưỡng tính | E75: Sử dụng | G75: Nhân viên
A76: 335 | C76: Chi phí phải trả | D76: Dư Có
A77: 336 | C77: Phải trả nội bộ | D77: Dư Có
B78: 3361 | C78: Phải trả nội bộ về vốn kinh doanh | D78: Dư Có
B79: 3368 | C79: Phải trả nội bộ khác | D79: Dư Có
A80: 338 | C80: Phải trả, phải nộp khác | D80: Lưỡng tính | E80: Sử dụng
B81: 3381 | C81: Tài sản thừa chờ giải quyết | D81: Lưỡng tính | E81: Sử dụng
B82: 3382 | C82: Kinh phí công đoàn | D82: Lưỡng tính | E82: Sử dụng
B83: 3383 | C83: Bảo hiểm xã hội | D83: Lưỡng tính | E83: Sử dụng
B84: 3384 | C84: Bảo hiểm y tế | D84: Lưỡng tính | E84: Sử dụng
B85: 3385 | C85: Bảo hiểm thất nghiệp | D85: Lưỡng tính | E85: Sử dụng
B86: 3386 | C86: Nhận ký quỹ, ký cược | D86: Lưỡng tính | E86: Sử dụng
B87: 3387 | C87: Doanh thu chưa thực hiện | D87: Lưỡng tính | I87: Bắt buộc
B88: 3388 | C88: Phải trả, phải nộp khác | D88: Lưỡng tính | E88: Sử dụng
A89: 341 | C89: Vay và nợ thuê tài chính | D89: Dư Có | G89: Nhà cung cấp
B90: 3411 | C90: Các khoản đi vay | D90: Dư Có | G90: Nhà cung cấp
B91: 3412 | C91: Nợ thuê tài chính | D91: Dư Có | G91: Nhà cung cấp
A92: 352 | C92: Dự phòng phải trả | D92: Dư Có
B93: 3521 | C93: Dự phòng bảo hành sản phẩm hàng hóa | D93: Dư Có
B94: 3522 | C94: Dự phòng bảo hành công trình xây dựng | D94: Dư Có
B95: 3524 | C95: Dự phòng phải trả khác | D95: Dư Có
A96: 353 | C96: Quỹ khen thưởng, phúc lợi | D96: Dư Có
B97: 3531 | C97: Quỹ khen thưởng | D97: Dư Có
B98: 3532 | C98: Quỹ phúc lợi | D98: Dư Có
B99: 3533 | C99: Quỹ phúc lợi đã hình thành TSCĐ | D99: Dư Có
B100: 3534 | C100: Quỹ thưởng ban quản lý điều hành công ty | D100: Dư Có
A101: 356 | C101: Quỹ phát triển khoa học và công nghệ | D101: Dư Có
...

Sheet DM chứng từ
B1: PHỤ LỤC I
B2: DANH MỤC VÀ BIỂU MẪU CHỨNG TỪ KẾ TOÁN
B3: (Kèm theo Thông tư số 99/2025/TT-BTC ngày 27 tháng 10 năm 2025 của Bộ trưởng Bộ Tài chính)
A4: TT | B4: TÊN CHỨNG TỪ | C4: SỐ HIỆU
B5: I. Lao động tiền lương
A6: 1 | B6: Bảng thanh toán tiền lương | C6: 01 - LĐTL
A7: 2 | B7: Bảng thanh toán tiền thưởng | C7: 02 - LĐTL
A8: 3 | B8: Bảng thanh toán tiền làm thêm giờ | C8: 03 - LĐTL
A9: 4 | B9: Bảng thanh toán tiền thuê ngoài | C9: 04 - LĐTL
A10: 5 | B10: Hợp đồng giao khoán | C10: 05 - LĐTL
A11: 6 | B11: Biên bản thanh lý (nghiệm thu) hợp đồng giao khoán | C11: 06 - LĐTL
A12: 7 | B12: Bảng kê trích nộp các khoản theo lương | C12: 07 - LĐTL
A13: 8 | B13: Bảng phân bổ tiền lương và các khoản trích theo lương | C13: 08 - LĐTL
B14: II. Hàng tồn kho
A15: 1 | B15: Phiếu nhập kho | C15: 01 - VT
A16: 2 | B16: Phiếu xuất kho | C16: 02 - VT
A17: 3 | B17: Biên bản kiểm nghiệm vật tư, công cụ, sản phẩm, hàng hóa | C17: 03 - VT
A18: 4 | B18: Bảng kê chi tiết vật tư còn lại cuối kỳ | C18: 04 - VT
A19: 5 | B19: Biên bản tổng hợp kiểm kê vật tư, công cụ, sản phẩm, hàng hóa | C19: 05 - VT
A20: 6 | B20: Bảng kê mua hàng | C20: 06 - VT
A21: 7 | B21: Bảng phân bổ nguyên liệu, vật liệu, công cụ, dụng cụ | C21: 07 - VT
B22: III. Bán hàng
A23: 1 | B23: Bảng thanh toán hàng đại lý, ký gửi | C23: 01 - BH
A24: 2 | B24: Thẻ quầy hàng | C24: 02 - BH
B25: IV. Tiền tệ
A26: 1 | B26: Phiếu thu | C26: 01 - TT
A27: 2 | B27: Phiếu chi | C27: 02 - TT
A28: 3 | B28: Giấy đề nghị tạm ứng | C28: 03 - TT
A29: 4 | B29: Giấy thanh toán tiền tạm ứng | C29: 04 - TT
A30: 5 | B30: Giấy đề nghị thanh toán | C30: 05 - TT
A31: 6 | B31: Biên lai thu tiền | C31: 06 - TT
A32: 7 | B32: Bảng kê vàng tiền tệ | C32: 07 - TT
A33: 8 | B33: Bảng kiểm kê quỹ (dùng cho VND) | C33: 08a - TT
A34: 9 | B34: Bảng kiểm kê quỹ (dùng cho ngoại tệ, vàng tiền tệ) | C34: 08b - TT
A35: 10 | B35: Bảng kê chi tiền | C35: 09 - TT
B36: V. Tài sản cố định
A37: 1 | B37: Biên bản giao nhận TSCĐ | C37: 01 - TSCĐ
A38: 2 | B38: Biên bản thanh lý TSCĐ | C38: 02 - TSCĐ
A39: 3 | B39: Biên bản bàn giao TSCĐ sửa chữa, bảo dưỡng hoặc nâng cấp, cải tạo hoàn thành | C39: 03 - TSCĐ
A40: 4 | B40: Biên bản đánh giá lại TSCĐ | C40: 04 - TSCĐ
A41: 5 | B41: Biên bản tổng hợp kiểm kê TSCĐ | C41: 05 - TSCĐ
A42: 6 | B42: Bảng tính và phân bổ khấu hao TSCĐ | C42: 06 - TSCĐ

Sheet DM sổ
B1: PHỤ LỤC III
B2: SỔ KẾ TOÁN
B3: (Kèm theo Thông tư số 99/2025/TT-BTC ngày 27 tháng 10 năm 2025 của Bộ trưởng Bộ Tài chính)
B4: PHẦN A - DANH MỤC BIỂU MẪU SỔ KẾ TOÁN
A5: Số TT | B5: Tên sổ | C5: Ký hiệu | D5: Hình thức kế toán
D6: Nhật ký chung
A7: 1 | B7: 2 | C7: 3 | D7: 4
A8: 5 | B8: Sổ Nhật ký chung | C8: S03a-DN | D8: x
A9: 6 | B9: Sổ Nhật ký thu tiền | C9: S03a1-DN | D9: x
A10: 7 | B10: Sổ Nhật ký chi tiền | C10: S03a2-DN | D10: x
A11: 8 | B11: Sổ Nhật ký mua hàng | C11: S03a3-DN | D11: x
A12: 9 | B12: Sổ Nhật ký bán hàng | C12: S03a4-DN | D12: x
A13: 10 | B13: Sổ Cái (dùng cho hình thức Nhật ký chung) | C13: S03b-DN | D13: x
A14: 13 | B14: Bảng cân đối số phát sinh | C14: S06-DN | D14: x
A15: 14 | B15: Sổ quỹ tiền mặt | C15: S07-DN | D15: x
A16: 15 | B16: Sổ kế toán chi tiết quỹ tiền mặt | C16: S07a-DN | D16: x
A17: 16 | B17: Sổ tiền gửi không kỳ hạn | C17: S08-DN | D17: x
A18: 17 | B18: Sổ chi tiết vật liệu, dụng cụ (sản phẩm, hàng hóa) | C18: S10-DN | D18: x
A19: 18 | B19: Bảng tổng hợp chi tiết vật liệu, dụng cụ, sản phẩm, hàng hóa | C19: S11-DN | D19: x
... A43: 42 | B43: Sổ chi tiết thuế GTGT được miễn giảm | C43: S63-DN | D43: x
B44: Các sổ chi tiết khác theo yêu cầu quản lý của doanh nghiệp

Sheet Hệ thống tài khoản TT99
A1: SỐ HIỆU TK TT | C1: TÊN TÀI KHOẢN | D1: Tính chất | E1: Trạng thái | F1: Chức năng | G1: Theo dõi chi tiết theo
A2: Cấp 1 | B2: Cấp 2 | G2: Đối tượng | H2: Hợp đồng mua | I2: Hợp đồng bán | J2: Đơn hàng | K2: Tài khoản ngân hàng | L2: Khoản mục CP | M2: Dự án | N2: Sản phẩm | O2: Dòng tiền
C3: LOẠI TÀI KHOẢN TÀI SẢN
A4: 111 | C4: Tiền mặt | D4: Dư Nợ | E4: Sử dụng
A5: 112 | C5: Tiền gửi không kỳ hạn | D5: Dư Nợ | E5: Sử dụng | K5: Bắt buộc
A6: 113 | C6: Tiền đang chuyển | D6: Dư Nợ
A7: 121 | C7: Chứng khoán kinh doanh | D7: Dư Nợ
A8: 128 | C8: Đầu tư nắm giữ đến ngày đáo hạn | D8: Dư Nợ
B9: 1281 | C9: Tiền gửi có kỳ hạn | D9: Dư Nợ
B10: 1282 | C10: Trái phiếu | D10: Dư Nợ
B11: 1283 | C11: Cho vay | D11: Dư Nợ
B12: 1288 | C12: Các khoản đầu tư khác nắm giữ đến ngày đáo hạn | D12: Dư Nợ
A13: 131 | C13: Phải thu của khách hàng | D13: Lưỡng tính | E13: Sử dụng | G13: Khách hàng
A14: 133 | C14: Thuế GTGT được khấu trừ | D14: Dư Nợ | E14: Sử dụng
B15: 1331 | C15: Thuế GTGT được khấu trừ của hàng hóa, dịch vụ | D15: Dư Nợ
B16: 1332 | C16: Thuế GTGT được khấu trừ của TSCĐ | D16: Dư Nợ
A17: 136 | C17: Phải thu nội bộ | D17: Dư Nợ
B18: 1361 | C18: Vốn kinh doanh ở đơn vị trực thuộc | D18: Dư Nợ
B19: 1362 | C19: Phải thu nội bộ về chênh lệch tỷ giá | D19: Dư Nợ
B20: 1363 | C20: Phải thu nội bộ về chi phí đi vay đủ điều kiện được vốn hoá | D20: Dư Nợ
B21: 1368 | C21: Phải thu nội bộ khác | D21: Dư Nợ
A22: 138 | C22: Phải thu khác | D22: Dư Nợ | E22: Sử dụng
B23: 1381 | C23: Tài sản thiếu chờ xử lý | D23: Dư Nợ | E23: Sử dụng
B24: 1383 | C24: Thuế TTĐB của hàng nhập khẩu | D24: Dư Nợ
B25: 1388 | C25: Phải thu khác | D25: Dư Nợ | E25: Sử dụng
A26: 141 | C26: Tạm ứng | D26: Dư Nợ | E26: Sử dụng | G26: Nhân viên
A27: 151 | C27: Hàng mua đang đi đường | D27: Dư Nợ
A28: 152 | C28: Nguyên liệu, vật liệu | D28: Dư Nợ
A29: 153 | C29: Công cụ, dụng cụ | D29: Dư Nợ
A30: 154 | C30: Chi phí sản xuất, kinh doanh dở dang | D30: Dư Nợ | E30: Sử dụng
A31: 155 | C31: Sản phẩm | D31: Dư Nợ
A32: 156 | C32: Hàng hóa | D32: Dư Nợ
A33: 157 | C33: Hàng gửi đi bán | D33: Dư Nợ
A34: 158 | C34: Nguyên liệu, vật tư tại kho bảo thuế | D34: Dư Nợ
A35: 171 | C35: Giao dịch mua, bán lại trái phiếu chính phủ | D35: Lưỡng tính
A36: 211 | C36: Tài sản cố định hữu hình | D36: Dư Nợ
A37: 212 | C37: Tài sản cố định thuê tài chính | D37: Dư Nợ
A38: 213 | C38: Tài sản cố định vô hình | D38: Dư Nợ
A39: 214 | C39: Hao mòn tài sản cố định | D39: Dư Có
B40: 2141 | C40: Hao mòn TSCĐ hữu hình | D40: Dư Có
B41: 2142 | C41: Hao mòn TSCĐ thuê tài chính | D41: Dư Có
B42: 2143 | C42: Hao mòn TSCĐ vô hình | D42: Dư Có
B43: 2147 | C43: Hao mòn BĐSĐT | D43: Dư Có
A44: 215 | C44: Tài sản sinh học | D44: Dư Nợ
B45: 2151 | C45: Súc vật nuôi cho sản phẩm định kỳ | D45: Dư Nợ
B46: 21511 | C46: Súc vật nuôi cho sản phẩm định kỳ chưa đạt đến giai đoạn trưởng thành | D46: Dư Nợ
B47: 21512 | C47: Súc vật nuôi cho sản phẩm định kỳ đạt đến giai đoạn trưởng thành | D47: Dư Nợ
B48: 215121 | C48: Nguyên giá | D48: Dư Nợ
B49: 215122 | C49: Giá trị khấu hao lũy kế | D49: Dư Nợ
B50: 2152 | C50: Súc vật nuôi lấy sản phẩm một lần | D50: Dư Nợ
B51: 2153 | C51: Cây trồng theo mùa vụ hoặc lấy sản phẩm một lần | D51: Dư Nợ
A52: 217 | C52: Bất động sản đầu tư | D52: Dư Nợ
A53: 221 | C53: Đầu tư vào công ty con | D53: Dư Nợ
A54: 222 | C54: Đầu tư vào công ty liên doanh, liên kết | D54: Dư Nợ
A55: 228 | C55: Đầu tư khác | D55: Dư Nợ
B56: 2281 | C56: Đầu tư góp vốn vào đơn vị khác | D56: Dư Nợ
B57: 2288 | C57: Đầu tư khác | D57: Dư Nợ
A58: 229 | C58: Dự phòng tổn thất tài sản | D58: Dư Có
B59: 2291 | C59: Dự phòng giảm giá chứng khoán kinh doanh | D59: Dư Có
B60: 2292 | C60: Dự phòng tổn thất đầu tư vào đơn vị khác | D60: Dư Có
B61: 2293 | C61: Dự phòng phải thu khó đòi | D61: Dư Có
B62: 2294 | C62: Dự phòng giảm giá hàng tồn kho | D62: Dư Có
B63: 2295 | C63: Dự phòng tổn thất tài sản sinh học | D63: Dư Có
A64: 241 | C64: Xây dựng cơ bản dở dang | D64: Dư Nợ
B65: 2411 | C65: Mua sắm TSCĐ | D65: Dư Nợ
B66: 2412 | C66: Xây dựng cơ bản | D66: Dư Nợ
B67: 2413 | C67: Sửa chữa, bảo dưỡng định kỳ TSCĐ | D67: Dư Nợ
B68: 2414 | C68: Nâng cấp, cải tạo TSCĐ | D68: Dư Nợ
A69: 242 | C69: Chi phí chờ phân bổ | D69: Dư Nợ
A70: 243 | C70: Tài sản thuế thu nhập hoãn lại | D70: Dư Nợ
A71: 244 | C71: Ký quỹ, ký cược | D71: Dư Nợ
C72: LOẠI TÀI KHOẢN NỢ PHẢI TRẢ
A73: 331 | C73: Phải trả cho người bán | D73: Lưỡng tính | E73: Sử dụng | G73: Nhà cung cấp
A74: 332 | C74: Phải trả cổ tức, lợi nhuận | D74: Dư Có
A75: 333 | C75: Thuế và các khoản phải nộp Nhà nước | D75: Lưỡng tính | E75: Sử dụng
B76: 3331 | C76: Thuế giá trị gia tăng phải nộp | D76: Lưỡng tính | E76: Sử dụng
B77: 33311 | C77: Thuế GTGT đầu ra | D77: Lưỡng tính
B78: 33312 | C78: Thuế GTGT hàng nhập khẩu | D78: Lưỡng tính
B79: 3332 | C79: Thuế tiêu thụ đặc biệt | D79: Lưỡng tính
B80: 3333 | C80: Thuế xuất, nhập khẩu | D80: Lưỡng tính
B81: 3334 | C81: Thuế thu nhập doanh nghiệp | D81: Lưỡng tính | E81: Sử dụng
B82: 3335 | C82: Thuế thu nhập cá nhân | D82: Lưỡng tính | E82: Sử dụng
B83: 3336 | C83: Thuế tài nguyên | D83: Lưỡng tính
B84: 3337 | C84: Thuế nhà đất, tiền thuê đất | D84: Lưỡng tính
B85: 3338 | C85: Thuế bảo vệ môi trường và các loại thuế khác | D85: Lưỡng tính | E85: Sử dụng
B86: 33381 | C86: Thuế bảo vệ môi trường | D86: Lưỡng tính
B87: 33382 | C87: Các loại thuế khác | D87: Lưỡng tính
B88: 3339 | C88: Phí, lệ phí và các khoản phải nộp khác | D88: Lưỡng tính | E88: Sử dụng
A89: 334 | C89: Phải trả người lao động | D89: Lưỡng tính | E89: Sử dụng | G89: Nhân viên
A90: 335 | C90: Chi phí phải trả | D90: Dư Có
A91: 336 | C91: Phải trả nội bộ | D91: Dư Có
B92: 3361 | C92: Phải trả nội bộ về vốn kinh doanh | D92: Dư Có
B93: 3362 | C93: Phải trả nội bộ về chênh lệch tỷ giá | D93: Dư Có
B94: 3363 | C94: Phải trả nội bộ về chi phí đi vay đủ điều kiện được vốn hóa | D94: Dư Có
B95: 3368 | C95: Phải trả nội bộ khác | D95: Dư Có
A96: 337 | C96: Thanh toán theo tiến độ hợp đồng xây dựng | D96: Lưỡng tính
A97: 338 | C97: Phải trả, phải nộp khác | D97: Lưỡng tính | E97: Sử dụng
B98: 3381 | C98: Tài sản thừa chờ giải quyết | D98: Lưỡng tính | E98: Sử dụng
B99: 3382 | C99: Kinh phí công đoàn | D99: Lưỡng tính | E99: Sử dụng
B100: 3383 | C100: Bảo hiểm xã hội | D100: Lưỡng tính | E100: Sử dụng
...

Sheet Sổ chi tiết TK
A1: Đơn vị: ……………… Địa chỉ: ………..…….. | H1: Mẫu số S38-DN (Kèm theo Thông tư số 99/2025/TT-BTC ngày 27 tháng 10 năm 2025 của Bộ trưởng Bộ Tài chính)
E2: SỔ CHI TIẾT TÀI KHOẢN
E3: (1) Tài khoản: ………………………….
E4: (2) Đối tượng: …………………………
E5: Loại tiền: VNĐ
A6: Ngày, tháng ghi sổ | B6: Chứng từ | D6: Diễn giải | E6: (3) TK đối ứng | F6: (4) Số phát sinh | H6: (5) Số dư
B7: Số hiệu | C7: Ngày tháng | F7: Nợ | G7: Có | H7: Nợ | I7: Có
A8: A | B8: B | C8: C | D8: D | E8: E | F8: 1 | G8: 2 | H8: 3 | I8: 4
D9: - Số dư đầu kỳ | E9: x | F9: x | G9: x
D13: - Cộng số phát sinh | E13: x | H13: x | I13: x
D14: - Số dư cuối kỳ | E14: x | F14: x | G14: x
A15: - Sổ này có ... trang, đánh số từ trang 01 đến trang ...
A16: - Ngày mở sổ:...
B17: Người ghi sổ (Ký, họ tên) | E17: Kế toán trưởng (Ký, họ tên) | H17: Ngày..... tháng.... năm …. Người đại diện theo pháp luật (Ký, họ tên, đóng dấu)
A18: -1
A19: (1) Tài khoản: …………………………. | D19: Lọc theo danh mục tài khoản
A20: (2) Đối tượng: ………………………… | D20: Lọc theo danh mục đối tượng (Khách hàng, Nhà cung cấp, nhân viên)
A21: (3) TK đối ứng | D21: Tài khoản đối ứng với dòng có cùng tài khoản được lọc. VD: Nghiệp vụ ghi Nợ TK 133; Có TK 111. Khi lọc TK 111 thì TK đối ứng là TK 133: Dữ liệu lấy từ Kho dữ liệu tổng
A22: (4) Số phát sinh | D22: Nếu tài khoản lọc là bên Nợ thì số tiền phát sinh hiển thị bên Nợ, Nếu TK lọc là bên Có thì số tiền hiển thị bên Có
A23: (5) Số dư

Sheet Sổ chi tiết công nợ
A1: Đơn vị: ……………… Địa chỉ: ………..……..
E2: SỔ CHI TIẾT CÔNG NỢ
E3: (1) Tài khoản: ………………………….
E4: (2) Đối tượng: …………………………
E5: Loại tiền: VNĐ
A6: Ngày, tháng ghi sổ | B6: Chứng từ | D6: Diễn giải | E6: (3) TK đối ứng | F6: (4) Số phát sinh | H6: (5) Số dư
B7: Số hiệu | C7: Ngày tháng | F7: Phải thu | G7: Phải trả | H7: Phải thu | I7: Phải trả
A8: A | B8: B | C8: C | D8: D | E8: E | F8: 1 | G8: 2 | H8: 3 | I8: 4
D9: - Số dư đầu kỳ | E9: x | F9: x | G9: x
D14: - Cộng số phát sinh | E14: x | H14: x | I14: x
D15: - Số dư cuối kỳ | E15: x | F15: x | G15: x
A16: - Sổ này có ... trang, đánh số từ trang 01 đến trang ...
A17: - Ngày mở sổ:...
B18: Người ghi sổ (Ký, họ tên) | E18: Kế toán trưởng (Ký, họ tên) | H18: Ngày..... tháng.... năm …. Người đại diện theo pháp luật (Ký, họ tên, đóng dấu)
A19: -1
A20: (1) Tài khoản: …………………………. | D20: Lọc theo danh mục tài khoản (Có thể chọn 1 TK hoặc nhiều TK hoặc chọn tất cả)
A21: (2) Đối tượng: ………………………… | D21: Lọc theo danh mục đối tượng (Khách hàng, Nhà cung cấp, nhân viên) (Có thể chọn 1 đối tượng, hoặc chọn nhiều đối tượng hoặc chọn tất cả)
A22: (3) TK đối ứng | D22: Tài khoản đối ứng với dòng có cùng tài khoản được lọc. VD: Nghiệp vụ ghi Nợ TK 133; Có TK 111. Khi lọc TK 111 thì TK đối ứng là TK 133: Dữ liệu lấy từ Kho dữ liệu tổng
A23: (4) Số phát sinh | D23: Nếu tài khoản lọc là bên Nợ thì số tiền phát sinh hiển thị bên Nợ, Nếu TK lọc là bên Có thì số tiền hiển thị bên Có
A24: (5) Số dư
A25: Phải thu | B25: Tương ứng lấy dữ liệu bên TK Nợ
A26: Phải trả | B26: Tương ứng lấy dữ liệu bên TK Có

Sheet Tổng hợp công nợ
A1: =NAME -> #NAME?
G2: BẢNG TỔNG HỢP CÔNG NỢ
F3: (1) Tài khoản: ………………………….
D4: Cột này nhập trực tiếp số cuối kỳ trước chuyển sang | F4: (2) Đối tượng: ………………………… | H4: =CDPS!K4
A5: Mã | B5: MÃ ĐỐI TƯỢNG | C5: Tên đôi tượng | D5: Số dư năm trước chuyển sang | F5: Số dư đầu kỳ | H5: Số phát sinh | J5: Số dư cuối kỳ | L5: Mã
A6: TK | D6: Nợ | E6: Có | F6: Phải thu | G6: Phải trả | H6: Phải thu | I6: Phải trả | J6: Phải thu | K6: Phải trả | L6: Xử lý
F7: =SUMIF($L$8:$L$113,"SUM",F$8:F$113) -> 0 | G7: =SUMIF($L$8:$L$113,"SUM",G$8:G$113) -> 0 | H7: =SUMIF($L$8:$L$113,"SUM",H$8:H$113) -> 0 | I7: =SUMIF($L$8:$L$113,"SUM",I$8:I$113) -> 0 | J7: =SUMIF($L$8:$L$113,"SUM",J$8:J$113) -> 0 | K7: =SUMIF($L$8:$L$113,"SUM",K$8:K$113) -> 0 | L7: =IF(SUM(J7:K7)>0,"X","")
B8: 1311 | C8: CÔNG NỢ PHẢI THU CỦA KHÁCH HÀNG | F8: =SUMIF($A:$A,$B8,F:F) -> 0 | G8: =SUMIF($A:$A,$B8,G:G) -> 0 | H8: =SUMIF($A:$A,$B8,H:H) -> 0 | I8: =SUMIF($A:$A,$B8,I:I) -> 0 | J8: =SUMIF($A:$A,$B8,J:J) -> 0 | K8: =SUMIF($A:$A,$B8,K:K) -> 0 | L8: SUM
A9: 1311 | B9: DHT | F9: =if($D9+SUMIFS(AC_SOTIEN,AC_TKNO,$A9,AC_PHAITHU,$B9,AC_NGAY,"<"&$F$4)-($E9+SUMIFS(AC_SOTIEN,AC_TKCO,$A9,AC_PHAITRA,$B9,AC_NGAY,"<"&$F$4))>0,$D9+SUMIFS(AC_SOTIEN,AC_TKNO,$A9,AC_PHAITHU,$B9,AC_NGAY,"<"&$F$4)-($E9+SUMIFS(AC_SOTIEN,AC_TKCO,$A9,AC_PHAITRA,$B9,AC_NGAY,"<"&$F$4)),"") | G9: =IF($E9+SUMIFS(AC_SOTIEN,AC_TKCO,$A9,AC_PHAITRA,$B9, AC_NGAY,"<"&$F$4)-($D9+SUMIFS(AC_SOTIEN,AC_TKNO,$A9,AC_PHAITHU,$B9,AC_NGAY,"<"&$F$4))>0,$E9+SUMIFS(AC_SOTIEN,AC_TKCO,$A9,AC_PHAITRA,$B9,AC_NGAY,"<"&$F$4)-($D9+SUMIFS(AC_SOTIEN,AC_TKNO,$A9,AC_PHAITHU,$B9,AC_NGAY,"<"&$F$4)),"") | H9: =SUMIFS(AC_SOTIEN,AC_TKNO,$A9 ,AC_PHAITHU,$B9,AC_NGAY,">="&$F$4,AC_NGAY,"<="&$H$4) -> 0 | I9: =SUMIFS(AC_SOTIEN,AC_TKCO,$A9,AC_PHAITRA, $B9,AC_NGAY,">="&$F$4,AC_NGAY,"<="&$H$4) -> 0 | J9: =IF(F9+H9-G9-I9>=0,F9+H9-G9-I9,0) -> 0 | K9: =IF(G9+I9-H9-F9>=0,G9+I9-H9-F9,0) -> 0 | L9: =IF(SUM(J9:K9)>0,"X","")
A10: 1311 | F10: =if($D10+SUMIFS(AC_SOTIEN,AC_TKNO,$A10,AC_PHAITHU,$B10,AC_NGAY,"<"&$F$4)-($E10+SUMIFS(AC_SOTIEN,AC_TKCO,$A10,AC_PHAITRA,$B10,AC_NGAY,"<"&$F$4))>0,$D10+SUMIFS(AC_SOTIEN,AC_TKNO,$A10,AC_PHAITHU,$B10,AC_NGAY,"<"&$F$4)-($E10+SUMIFS(AC_SOTIEN,AC_TKCO,$A10,AC_PHAITRA,$B10,AC_NGAY,"<"&$F$4)),"") | G10: =IF($E10+SUMIFS(AC_SOTIEN,AC_TKCO,$A10,AC_PHAITRA,$B10, AC_NGAY,"<"&$F$4)-($D10+SUMIFS(AC_SOTIEN,AC_TKNO,$A10,AC_PHAITHU,$B10,AC_NGAY,"<"&$F$4))>0,$E10+SUMIFS(AC_SOTIEN,AC_TKCO,$A10,AC_PHAITRA,$B10,AC_NGAY,"<"&$F$4)-($D10+SUMIFS(AC_SOTIEN,AC_TKNO,$A10,AC_PHAITHU,$B10,AC_NGAY,"<"&$F$4)),"") | H10: =SUMIFS(AC_SOTIEN,AC_TKNO,$A10 ,AC_PHAITHU,$B10,AC_NGAY,">="&$F$4,AC_NGAY,"<="&$H$4) -> 0 | I10: =SUMIFS(AC_SOTIEN,AC_TKCO,$A10,AC_PHAITRA, $B10,AC_NGAY,">="&$F$4,AC_NGAY,"<="&$H$4) -> 0 | J10: =IF(F10+H10-G10-I10>=0,F10+H10-G10-I10,0) -> 0 | K10: =IF(G10+I10-H10-F10>=0,G10+I10-H10-F10,0) -> 0 | L10: =IF(SUM(J10:K10)>0,"X","")
A11: 1311 | F11: =if($D11+SUMIFS(AC_SOTIEN,AC_TKNO,$A11,AC_PHAITHU,$B11,AC_NGAY,"<"&$F$4)-($E11+SUMIFS(AC_SOTIEN,AC_TKCO,$A11,AC_PHAITRA,$B11,AC_NGAY,"<"&$F$4))>0,$D11+SUMIFS(AC_SOTIEN,AC_TKNO,$A11,AC_PHAITHU,$B11,AC_NGAY,"<"&$F$4)-($E11+SUMIFS(AC_SOTIEN,AC_TKCO,$A11,AC_PHAITRA,$B11,AC_NGAY,"<"&$F$4)),"") | G11: =IF($E11+SUMIFS(AC_SOTIEN,AC_TKCO,$A11,AC_PHAITRA,$B11, AC_NGAY,"<"&$F$4)-($D11+SUMIFS(AC_SOTIEN,AC_TKNO,$A11,AC_PHAITHU,$B11,AC_NGAY,"<"&$F$4))>0,$E11+SUMIFS(AC_SOTIEN,AC_TKCO,$A11,AC_PHAITRA,$B11,AC_NGAY,"<"&$F$4)-($D11+SUMIFS(AC_SOTIEN,AC_TKNO,$A11,AC_PHAITHU,$B11,AC_NGAY,"<"&$F$4)),"") | H11: =SUMIFS(AC_SOTIEN,AC_TKNO,$A11 ,AC_PHAITHU,$B11,AC_NGAY,">="&$F$4,AC_NGAY,"<="&$H$4) -> 0 | I11: =SUMIFS(AC_SOTIEN,AC_TKCO,$A11,AC_PHAITRA, $B11,AC_NGAY,">="&$F$4,AC_NGAY,"<="&$H$4) -> 0 | J11: =IF(F11+H11-G11-I11>=0,F11+H11-G11-I11,0) -> 0 | K11: =IF(G11+I11-H11-F11>=0,G11+I11-H11-F11,0) -> 0 | L11: =IF(SUM(J11:K11)>0,"X","")
A12: 1311 | F12: =if($D12+SUMIFS(AC_SOTIEN,AC_TKNO,$A12,AC_PHAITHU,$B12,AC_NGAY,"<"&$F$4)-($E12+SUMIFS(AC_SOTIEN,AC_TKCO,$A12,AC_PHAITRA,$B12,AC_NGAY,"<"&$F$4))>0,$D12+SUMIFS(AC_SOTIEN,AC_TKNO,$A12,AC_PHAITHU,$B12,AC_NGAY,"<"&$F$4)-($E12+SUMIFS(AC_SOTIEN,AC_TKCO,$A12,AC_PHAITRA,$B12,AC_NGAY,"<"&$F$4)),"") | G12: =IF($E12+SUMIFS(AC_SOTIEN,AC_TKCO,$A12,AC_PHAITRA,$B12, AC_NGAY,"<"&$F$4)-($D12+SUMIFS(AC_SOTIEN,AC_TKNO,$A12,AC_PHAITHU,$B12,AC_NGAY,"<"&$F$4))>0,$E12+SUMIFS(AC_SOTIEN,AC_TKCO,$A12,AC_PHAITRA,$B12,AC_NGAY,"<"&$F$4)-($D12+SUMIFS(AC_SOTIEN,AC_TKNO,$A12,AC_PHAITHU,$B12,AC_NGAY,"<"&$F$4)),"") | H12: =SUMIFS(AC_SOTIEN,AC_TKNO,$A12 ,AC_PHAITHU,$B12,AC_NGAY,">="&$F$4,AC_NGAY,"<="&$H$4) -> 0 | I12: =SUMIFS(AC_SOTIEN,AC_TKCO,$A12,AC_PHAITRA, $B12,AC_NGAY,">="&$F$4,AC_NGAY,"<="&$H$4) -> 0 | J12: =IF(F12+H12-G12-I12>=0,F12+H12-G12-I12,0) -> 0 | K12: =IF(G12+I12-H12-F12>=0,G12+I12-H12-F12,0) -> 0 | L12: =IF(SUM(J12:K12)>0,"X","")
A13: 1311 | F13: =if($D13+SUMIFS(AC_SOTIEN,AC_TKNO,$A13,AC_PHAITHU,$B13,AC_NGAY,"<"&$F$4)-($E13+SUMIFS(AC_SOTIEN,AC_TKCO,$A13,AC_PHAITRA,$B13,AC_NGAY,"<"&$F$4))>0,$D13+SUMIFS(AC_SOTIEN,AC_TKNO,$A13,AC_PHAITHU,$B13,AC_NGAY,"<"&$F$4)-($E13+SUMIFS(AC_SOTIEN,AC_TKCO,$A13,AC_PHAITRA,$B13,AC_NGAY,"<"&$F$4)),"") | G13: =IF($E13+SUMIFS(AC_SOTIEN,AC_TKCO,$A13,AC_PHAITRA,$B13, AC_NGAY,"<"&$F$4)-($D13+SUMIFS(AC_SOTIEN,AC_TKNO,$A13,AC_PHAITHU,$B13,AC_NGAY,"<"&$F$4))>0,$E13+SUMIFS(AC_SOTIEN,AC_TKCO,$A13,AC_PHAITRA,$B13,AC_NGAY,"<"&$F$4)-($D13+SUMIFS(AC_SOTIEN,AC_TKNO,$A13,AC_PHAITHU,$B13,AC_NGAY,"<"&$F$4)),"") | H13: =SUMIFS(AC_SOTIEN,AC_TKNO,$A13 ,AC_PHAITHU,$B13,AC_NGAY,">="&$F$4,AC_NGAY,"<="&$H$4) -> 0 | I13: =SUMIFS(AC_SOTIEN,AC_TKCO,$A13,AC_PHAITRA, $B13,AC_NGAY,">="&$F$4,AC_NGAY,"<="&$H$4) -> 0 | J13: =IF(F13+H13-G13-I13>=0,F13+H13-G13-I13,0) -> 0 | K13: =IF(G13+I13-H13-F13>=0,G13+I13-H13-F13,0) -> 0 | L13: =IF(SUM(J13:K13)>0,"X","")
A14: 1311 | F14: =if($D14+SUMIFS(AC_SOTIEN,AC_TKNO,$A14,AC_PHAITHU,$B14,AC_NGAY,"<"&$F$4)-($E14+SUMIFS(AC_SOTIEN,AC_TKCO,$A14,AC_PHAITRA,$B14,AC_NGAY,"<"&$F$4))>0,$D14+SUMIFS(AC_SOTIEN,AC_TKNO,$A14,AC_PHAITHU,$B14,AC_NGAY,"<"&$F$4)-($E14+SUMIFS(AC_SOTIEN,AC_TKCO,$A14,AC_PHAITRA,$B14,AC_NGAY,"<"&$F$4)),"") | G14: =IF($E14+SUMIFS(AC_SOTIEN,AC_TKCO,$A14,AC_PHAITRA,$B14, AC_NGAY,"<"&$F$4)-($D14+SUMIFS(AC_SOTIEN,AC_TKNO,$A14,AC_PHAITHU,$B14,AC_NGAY,"<"&$F$4))>0,$E14+SUMIFS(AC_SOTIEN,AC_TKCO,$A14,AC_PHAITRA,$B14,AC_NGAY,"<"&$F$4)-($D14+SUMIFS(AC_SOTIEN,AC_TKNO,$A14,AC_PHAITHU,$B14,AC_NGAY,"<"&$F$4)),"") | H14: =SUMIFS(AC_SOTIEN,AC_TKNO,$A14 ,AC_PHAITHU,$B14,AC_NGAY,">="&$F$4,AC_NGAY,"<="&$H$4) -> 0 | I14: =SUMIFS(AC_SOTIEN,AC_TKCO,$A14,AC_PHAITRA, $B14,AC_NGAY,">="&$F$4,AC_NGAY,"<="&$H$4) -> 0 | J14: =IF(F14+H14-G14-I14>=0,F14+H14-G14-I14,0) -> 0 | K14: =IF(G14+I14-H14-F14>=0,G14+I14-H14-F14,0) -> 0 | L14: =IF(SUM(J14:K14)>0,"X","")
A15: 1311 | F15: =if($D15+SUMIFS(AC_SOTIEN,AC_TKNO,$A15,AC_PHAITHU,$B15,AC_NGAY,"<"&$F$4)-($E15+SUMIFS(AC_SOTIEN,AC_TKCO,$A15,AC_PHAITRA,$B15,AC_NGAY,"<"&$F$4))>0,$D15+SUMIFS(AC_SOTIEN,AC_TKNO,$A15,AC_PHAITHU,$B15,AC_NGAY,"<"&$F$4)-($E15+SUMIFS(AC_SOTIEN,AC_TKCO,$A15,AC_PHAITRA,$B15,AC_NGAY,"<"&$F$4)),"") | G15: =IF($E15+SUMIFS(AC_SOTIEN,AC_TKCO,$A15,AC_PHAITRA,$B15, AC_NGAY,"<"&$F$4)-($D15+SUMIFS(AC_SOTIEN,AC_TKNO,$A15,AC_PHAITHU,$B15,AC_NGAY,"<"&$F$4))>0,$E15+SUMIFS(AC_SOTIEN,AC_TKCO,$A15,AC_PHAITRA,$B15,AC_NGAY,"<"&$F$4)-($D15+SUMIFS(AC_SOTIEN,AC_TKNO,$A15,AC_PHAITHU,$B15,AC_NGAY,"<"&$F$4)),"") | H15: =SUMIFS(AC_SOTIEN,AC_TKNO,$A15 ,AC_PHAITHU,$B15,AC_NGAY,">="&$F$4,AC_NGAY,"<="&$H$4) -> 0 | I15: =SUMIFS(AC_SOTIEN,AC_TKCO,$A15,AC_PHAITRA, $B15,AC_NGAY,">="&$F$4,AC_NGAY,"<="&$H$4) -> 0 | J15: =IF(F15+H15-G15-I15>=0,F15+H15-G15-I15,0) -> 0 | K15: =IF(G15+I15-H15-F15>=0,G15+I15-H15-F15,0) -> 0 | L15: =IF(SUM(J15:K15)>0,"X","")
A16: 1311 | F16: =if($D16+SUMIFS(AC_SOTIEN,AC_TKNO,$A16,AC_PHAITHU,$B16,AC_NGAY,"<"&$F$4)-($E16+SUMIFS(AC_SOTIEN,AC_TKCO,$A16,AC_PHAITRA,$B16,AC_NGAY,"<"&$F$4))>0,$D16+SUMIFS(AC_SOTIEN,AC_TKNO,$A16,AC_PHAITHU,$B16,AC_NGAY,"<"&$F$4)-($E16+SUMIFS(AC_SOTIEN,AC_TKCO,$A16,AC_PHAITRA,$B16,AC_NGAY,"<"&$F$4)),"") | G16: =IF($E16+SUMIFS(AC_SOTIEN,AC_TKCO,$A16,AC_PHAITRA,$B16, AC_NGAY,"<"&$F$4)-($D16+SUMIFS(AC_SOTIEN,AC_TKNO,$A16,AC_PHAITHU,$B16,AC_NGAY,"<"&$F$4))>0,$E16+SUMIFS(AC_SOTIEN,AC_TKCO,$A16,AC_PHAITRA,$B16,AC_NGAY,"<"&$F$4)-($D16+SUMIFS(AC_SOTIEN,AC_TKNO,$A16,AC_PHAITHU,$B16,AC_NGAY,"<"&$F$4)),"") | H16: =SUMIFS(AC_SOTIEN,AC_TKNO,$A16 ,AC_PHAITHU,$B16,AC_NGAY,">="&$F$4,AC_NGAY,"<="&$H$4) -> 0 | I16: =SUMIFS(AC_SOTIEN,AC_TKCO,$A16,AC_PHAITRA, $B16,AC_NGAY,">="&$F$4,AC_NGAY,"<="&$H$4) -> 0 | J16: =IF(F16+H16-G16-I16>=0,F16+H16-G16-I16,0) -> 0 | K16: =IF(G16+I16-H16-F16>=0,G16+I16-H16-F16,0) -> 0 | L16: =IF(SUM(J16:K16)>0,"X","")
A17: 1311 | F17: =if($D17+SUMIFS(AC_SOTIEN,AC_TKNO,$A17,AC_PHAITHU,$B17,AC_NGAY,"<"&$F$4)-($E17+SUMIFS(AC_SOTIEN,AC_TKCO,$A17,AC_PHAITRA,$B17,AC_NGAY,"<"&$F$4))>0,$D17+SUMIFS(AC_SOTIEN,AC_TKNO,$A17,AC_PHAITHU,$B17,AC_NGAY,"<"&$F$4)-($E17+SUMIFS(AC_SOTIEN,AC_TKCO,$A17,AC_PHAITRA,$B17,AC_NGAY,"<"&$F$4)),"") | G17: =IF($E17+SUMIFS(AC_SOTIEN,AC_TKCO,$A17,AC_PHAITRA,$B17, AC_NGAY,"<"&$F$4)-($D17+SUMIFS(AC_SOTIEN,AC_TKNO,$A17,AC_PHAITHU,$B17,AC_NGAY,"<"&$F$4))>0,$E17+SUMIFS(AC_SOTIEN,AC_TKCO,$A17,AC_PHAITRA,$B17,AC_NGAY,"<"&$F$4)-($D17+SUMIFS(AC_SOTIEN,AC_TKNO,$A17,AC_PHAITHU,$B17,AC_NGAY,"<"&$F$4)),"") | H17: =SUMIFS(AC_SOTIEN,AC_TKNO,$A17 ,AC_PHAITHU,$B17,AC_NGAY,">="&$F$4,AC_NGAY,"<="&$H$4) -> 0 | I17: =SUMIFS(AC_SOTIEN,AC_TKCO,$A17,AC_PHAITRA, $B17,AC_NGAY,">="&$F$4,AC_NGAY,"<="&$H$4) -> 0 | J17: =IF(F17+H17-G17-I17>=0,F17+H17-G17-I17,0) -> 0 | K17: =IF(G17+I17-H17-F17>=0,G17+I17-H17-F17,0) -> 0 | L17: =IF(SUM(J17:K17)>0,"X","")
B18: 13881 | C18: CÔNG NỢ PHẢI THU KHÁC | F18: =SUMIF($A:$A,$B18,F:F) -> 0 | G18: =SUMIF($A:$A,$B18,G:G) -> 0 | H18: =SUMIF($A:$A,$B18,H:H) -> 0 | I18: =SUMIF($A:$A,$B18,I:I) -> 0 | J18: =SUMIF($A:$A,$B18,J:J) -> 0 | K18: =SUMIF($A:$A,$B18,K:K) -> 0 | L18: SUM
A19: 13881 | F19: =if($D19+SUMIFS(AC_SOTIEN,AC_TKNO,$A19,AC_PHAITHU,$B19,AC_NGAY,"<"&$F$4)-($E19+SUMIFS(AC_SOTIEN,AC_TKCO,$A19,AC_PHAITRA,$B19,AC_NGAY,"<"&$F$4))>0,$D19+SUMIFS(AC_SOTIEN,AC_TKNO,$A19,AC_PHAITHU,$B19,AC_NGAY,"<"&$F$4)-($E19+SUMIFS(AC_SOTIEN,AC_TKCO,$A19,AC_PHAITRA,$B19,AC_NGAY,"<"&$F$4)),"") | G19: =IF($E19+SUMIFS(AC_SOTIEN,AC_TKCO,$A19,AC_PHAITRA,$B19, AC_NGAY,"<"&$F$4)-($D19+SUMIFS(AC_SOTIEN,AC_TKNO,$A19,AC_PHAITHU,$B19,AC_NGAY,"<"&$F$4))>0,$E19+SUMIFS(AC_SOTIEN,AC_TKCO,$A19,AC_PHAITRA,$B19,AC_NGAY,"<"&$F$4)-($D19+SUMIFS(AC_SOTIEN,AC_TKNO,$A19,AC_PHAITHU,$B19,AC_NGAY,"<"&$F$4)),"") | H19: =SUMIFS(AC_SOTIEN,AC_TKNO,$A19 ,AC_PHAITHU,$B19,AC_NGAY,">="&$F$4,AC_NGAY,"<="&$H$4) -> 0 | I19: =SUMIFS(AC_SOTIEN,AC_TKCO,$A19,AC_PHAITRA, $B19,AC_NGAY,">="&$F$4,AC_NGAY,"<="&$H$4) -> 0 | J19: =IF(F19+H19-G19-I19>=0,F19+H19-G19-I19,0) -> 0 | K19: =IF(G19+I19-H19-F19>=0,G19+I19-H19-F19,0) -> 0 | L19: =IF(SUM(J19:K19)>0,"X","")
A20: 13881 | F20: =if($D20+SUMIFS(AC_SOTIEN,AC_TKNO,$A20,AC_PHAITHU,$B20,AC_NGAY,"<"&$F$4)-($E20+SUMIFS(AC_SOTIEN,AC_TKCO,$A20,AC_PHAITRA,$B20,AC_NGAY,"<"&$F$4))>0,$D20+SUMIFS(AC_SOTIEN,AC_TKNO,$A20,AC_PHAITHU,$B20,AC_NGAY,"<"&$F$4)-($E20+SUMIFS(AC_SOTIEN,AC_TKCO,$A20,AC_PHAITRA,$B20,AC_NGAY,"<"&$F$4)),"") | G20: =IF($E20+SUMIFS(AC_SOTIEN,AC_TKCO,$A20,AC_PHAITRA,$B20, AC_NGAY,"<"&$F$4)-($D20+SUMIFS(AC_SOTIEN,AC_TKNO,$A20,AC_PHAITHU,$B20,AC_NGAY,"<"&$F$4))>0,$E20+SUMIFS(AC_SOTIEN,AC_TKCO,$A20,AC_PHAITRA,$B20,AC_NGAY,"<"&$F$4)-($D20+SUMIFS(AC_SOTIEN,AC_TKNO,$A20,AC_PHAITHU,$B20,AC_NGAY,"<"&$F$4)),"") | H20: =SUMIFS(AC_SOTIEN,AC_TKNO,$A20 ,AC_PHAITHU,$B20,AC_NGAY,">="&$F$4,AC_NGAY,"<="&$H$4) -> 0 | I20: =SUMIFS(AC_SOTIEN,AC_TKCO,$A20,AC_PHAITRA, $B20,AC_NGAY,">="&$F$4,AC_NGAY,"<="&$H$4) -> 0 | J20: =IF(F20+H20-G20-I20>=0,F20+H20-G20-I20,0) -> 0 | K20: =IF(G20+I20-H20-F20>=0,G20+I20-H20-F20,0) -> 0 | L20: =IF(SUM(J20:K20)>0,"X","")
A21: 13881 | F21: =if($D21+SUMIFS(AC_SOTIEN,AC_TKNO,$A21,AC_PHAITHU,$B21,AC_NGAY,"<"&$F$4)-($E21+SUMIFS(AC_SOTIEN,AC_TKCO,$A21,AC_PHAITRA,$B21,AC_NGAY,"<"&$F$4))>0,$D21+SUMIFS(AC_SOTIEN,AC_TKNO,$A21,AC_PHAITHU,$B21,AC_NGAY,"<"&$F$4)-($E21+SUMIFS(AC_SOTIEN,AC_TKCO,$A21,AC_PHAITRA,$B21,AC_NGAY,"<"&$F$4)),"") | G21: =IF($E21+SUMIFS(AC_SOTIEN,AC_TKCO,$A21,AC_PHAITRA,$B21, AC_NGAY,"<"&$F$4)-($D21+SUMIFS(AC_SOTIEN,AC_TKNO,$A21,AC_PHAITHU,$B21,AC_NGAY,"<"&$F$4))>0,$E21+SUMIFS(AC_SOTIEN,AC_TKCO,$A21,AC_PHAITRA,$B21,AC_NGAY,"<"&$F$4)-($D21+SUMIFS(AC_SOTIEN,AC_TKNO,$A21,AC_PHAITHU,$B21,AC_NGAY,"<"&$F$4)),"") | H21: =SUMIFS(AC_SOTIEN,AC_TKNO,$A21 ,AC_PHAITHU,$B21,AC_NGAY,">="&$F$4,AC_NGAY,"<="&$H$4) -> 0 | I21: =SUMIFS(AC_SOTIEN,AC_TKCO,$A21,AC_PHAITRA, $B21,AC_NGAY,">="&$F$4,AC_NGAY,"<="&$H$4) -> 0 | J21: =IF(F21+H21-G21-I21>=0,F21+H21-G21-I21,0) -> 0 | K21: =IF(G21+I21-H21-F21>=0,G21+I21-H21-F21,0) -> 0 | L21: =IF(SUM(J21:K21)>0,"X","")
B22: 1411 | C22: CÔNG NỢ TẠM ỨNG | F22: =SUMIF($A:$A,$B22,F:F) -> 0 | G22: =SUMIF($A:$A,$B22,G:G) -> 0 | H22: =SUMIF($A:$A,$B22,H:H) -> 0 | I22: =SUMIF($A:$A,$B22,I:I) -> 0 | J22: =SUMIF($A:$A,$B22,J:J) -> 0 | K22: =SUMIF($A:$A,$B22,K:K) -> 0 | L22: SUM
A23: 1411 | F23: =if($D23+SUMIFS(AC_SOTIEN,AC_TKNO,$A23,AC_PHAITHU,$B23,AC_NGAY,"<"&$F$4)-($E23+SUMIFS(AC_SOTIEN,AC_TKCO,$A23,AC_PHAITRA,$B23,AC_NGAY,"<"&$F$4))>0,$D23+SUMIFS(AC_SOTIEN,AC_TKNO,$A23,AC_PHAITHU,$B23,AC_NGAY,"<"&$F$4)-($E23+SUMIFS(AC_SOTIEN,AC_TKCO,$A23,AC_PHAITRA,$B23,AC_NGAY,"<"&$F$4)),"") | G23: =IF($E23+SUMIFS(AC_SOTIEN,AC_TKCO,$A23,AC_PHAITRA,$B23, AC_NGAY,"<"&$F$4)-($D23+SUMIFS(AC_SOTIEN,AC_TKNO,$A23,AC_PHAITHU,$B23,AC_NGAY,"<"&$F$4))>0,$E23+SUMIFS(AC_SOTIEN,AC_TKCO,$A23,AC_PHAITRA,$B23,AC_NGAY,"<"&$F$4)-($D23+SUMIFS(AC_SOTIEN,AC_TKNO,$A23,AC_PHAITHU,$B23,AC_NGAY,"<"&$F$4)),"") | H23: =SUMIFS(AC_SOTIEN,AC_TKNO,$A23 ,AC_PHAITHU,$B23,AC_NGAY,">="&$F$4,AC_NGAY,"<="&$H$4) -> 0 | I23: =SUMIFS(AC_SOTIEN,AC_TKCO,$A23,AC_PHAITRA, $B23,AC_NGAY,">="&$F$4,AC_NGAY,"<="&$H$4) -> 0 | J23: =IF(F23+H23-G23-I23>=0,F23+H23-G23-I23,0) -> 0 | K23: =IF(G23+I23-H23-F23>=0,G23+I23-H23-F23,0) -> 0 | L23: =IF(SUM(J23:K23)>0,"X","")
A24: 1411 | F24: =if($D24+SUMIFS(AC_SOTIEN,AC_TKNO,$A24,AC_PHAITHU,$B24,AC_NGAY,"<"&$F$4)-($E24+SUMIFS(AC_SOTIEN,AC_TKCO,$A24,AC_PHAITRA,$B24,AC_NGAY,"<"&$F$4))>0,$D24+SUMIFS(AC_SOTIEN,AC_TKNO,$A24,AC_PHAITHU,$B24,AC_NGAY,"<"&$F$4)-($E24+SUMIFS(AC_SOTIEN,AC_TKCO,$A24,AC_PHAITRA,$B24,AC_NGAY,"<"&$F$4)),"") | G24: =IF($E24+SUMIFS(AC_SOTIEN,AC_TKCO,$A24,AC_PHAITRA,$B24, AC_NGAY,"<"&$F$4)-($D24+SUMIFS(AC_SOTIEN,AC_TKNO,$A24,AC_PHAITHU,$B24,AC_NGAY,"<"&$F$4))>0,$E24+SUMIFS(AC_SOTIEN,AC_TKCO,$A24,AC_PHAITRA,$B24,AC_NGAY,"<"&$F$4)-($D24+SUMIFS(AC_SOTIEN,AC_TKNO,$A24,AC_PHAITHU,$B24,AC_NGAY,"<"&$F$4)),"") | H24: =SUMIFS(AC_SOTIEN,AC_TKNO,$A24 ,AC_PHAITHU,$B24,AC_NGAY,">="&$F$4,AC_NGAY,"<="&$H$4) -> 0 | I24: =SUMIFS(AC_SOTIEN,AC_TKCO,$A24,AC_PHAITRA, $B24,AC_NGAY,">="&$F$4,AC_NGAY,"<="&$H$4) -> 0 | J24: =IF(F24+H24-G24-I24>=0,F24+H24-G24-I24,0) -> 0 | K24: =IF(G24+I24-H24-F24>=0,G24+I24-H24-F24,0) -> 0 | L24: =IF(SUM(J24:K24)>0,"X","")
A25: 1411 | F25: =if($D25+SUMIFS(AC_SOTIEN,AC_TKNO,$A25,AC_PHAITHU,$B25,AC_NGAY,"<"&$F$4)-($E25+SUMIFS(AC_SOTIEN,AC_TKCO,$A25,AC_PHAITRA,$B25,AC_NGAY,"<"&$F$4))>0,$D25+SUMIFS(AC_SOTIEN,AC_TKNO,$A25,AC_PHAITHU,$B25,AC_NGAY,"<"&$F$4)-($E25+SUMIFS(AC_SOTIEN,AC_TKCO,$A25,AC_PHAITRA,$B25,AC_NGAY,"<"&$F$4)),"") | G25: =IF($E25+SUMIFS(AC_SOTIEN,AC_TKCO,$A25,AC_PHAITRA,$B25, AC_NGAY,"<"&$F$4)-($D25+SUMIFS(AC_SOTIEN,AC_TKNO,$A25,AC_PHAITHU,$B25,AC_NGAY,"<"&$F$4))>0,$E25+SUMIFS(AC_SOTIEN,AC_TKCO,$A25,AC_PHAITRA,$B25,AC_NGAY,"<"&$F$4)-($D25+SUMIFS(AC_SOTIEN,AC_TKNO,$A25,AC_PHAITHU,$B25,AC_NGAY,"<"&$F$4)),"") | H25: =SUMIFS(AC_SOTIEN,AC_TKNO,$A25 ,AC_PHAITHU,$B25,AC_NGAY,">="&$F$4,AC_NGAY,"<="&$H$4) -> 0 | I25: =SUMIFS(AC_SOTIEN,AC_TKCO,$A25,AC_PHAITRA, $B25,AC_NGAY,">="&$F$4,AC_NGAY,"<="&$H$4) -> 0 | J25: =IF(F25+H25-G25-I25>=0,F25+H25-G25-I25,0) -> 0 | K25: =IF(G25+I25-H25-F25>=0,G25+I25-H25-F25,0) -> 0 | L25: =IF(SUM(J25:K25)>0,"X","")
A26: 1411 | F26: =if($D26+SUMIFS(AC_SOTIEN,AC_TKNO,$A26,AC_PHAITHU,$B26,AC_NGAY,"<"&$F$4)-($E26+SUMIFS(AC_SOTIEN,AC_TKCO,$A26,AC_PHAITRA,$B26,AC_NGAY,"<"&$F$4))>0,$D26+SUMIFS(AC_SOTIEN,AC_TKNO,$A26,AC_PHAITHU,$B26,AC_NGAY,"<"&$F$4)-($E26+SUMIFS(AC_SOTIEN,AC_TKCO,$A26,AC_PHAITRA,$B26,AC_NGAY,"<"&$F$4)),"") | G26: =IF($E26+SUMIFS(AC_SOTIEN,AC_TKCO,$A26,AC_PHAITRA,$B26, AC_NGAY,"<"&$F$4)-($D26+SUMIFS(AC_SOTIEN,AC_TKNO,$A26,AC_PHAITHU,$B26,AC_NGAY,"<"&$F$4))>0,$E26+SUMIFS(AC_SOTIEN,AC_TKCO,$A26,AC_PHAITRA,$B26,AC_NGAY,"<"&$F$4)-($D26+SUMIFS(AC_SOTIEN,AC_TKNO,$A26,AC_PHAITHU,$B26,AC_NGAY,"<"&$F$4)),"") | H26: =SUMIFS(AC_SOTIEN,AC_TKNO,$A26 ,AC_PHAITHU,$B26,AC_NGAY,">="&$F$4,AC_NGAY,"<="&$H$4) -> 0 | I26: =SUMIFS(AC_SOTIEN,AC_TKCO,$A26,AC_PHAITRA, $B26,AC_NGAY,">="&$F$4,AC_NGAY,"<="&$H$4) -> 0 | J26: =IF(F26+H26-G26-I26>=0,F26+H26-G26-I26,0) -> 0 | K26: =IF(G26+I26-H26-F26>=0,G26+I26-H26-F26,0) -> 0 | L26: =IF(SUM(J26:K26)>0,"X","")
A27: 1411 | F27: =if($D27+SUMIFS(AC_SOTIEN,AC_TKNO,$A27,AC_PHAITHU,$B27,AC_NGAY,"<"&$F$4)-($E27+SUMIFS(AC_SOTIEN,AC_TKCO,$A27,AC_PHAITRA,$B27,AC_NGAY,"<"&$F$4))>0,$D27+SUMIFS(AC_SOTIEN,AC_TKNO,$A27,AC_PHAITHU,$B27,AC_NGAY,"<"&$F$4)-($E27+SUMIFS(AC_SOTIEN,AC_TKCO,$A27,AC_PHAITRA,$B27,AC_NGAY,"<"&$F$4)),"") | G27: =IF($E27+SUMIFS(AC_SOTIEN,AC_TKCO,$A27,AC_PHAITRA,$B27, AC_NGAY,"<"&$F$4)-($D27+SUMIFS(AC_SOTIEN,AC_TKNO,$A27,AC_PHAITHU,$B27,AC_NGAY,"<"&$F$4))>0,$E27+SUMIFS(AC_SOTIEN,AC_TKCO,$A27,AC_PHAITRA,$B27,AC_NGAY,"<"&$F$4)-($D27+SUMIFS(AC_SOTIEN,AC_TKNO,$A27,AC_PHAITHU,$B27,AC_NGAY,"<"&$F$4)),"") | H27: =SUMIFS(AC_SOTIEN,AC_TKNO,$A27 ,AC_PHAITHU,$B27,AC_NGAY,">="&$F$4,AC_NGAY,"<="&$H$4) -> 0 | I27: =SUMIFS(AC_SOTIEN,AC_TKCO,$A27,AC_PHAITRA, $B27,AC_NGAY,">="&$F$4,AC_NGAY,"<="&$H$4) -> 0 | J27: =IF(F27+H27-G27-I27>=0,F27+H27-G27-I27,0) -> 0 | K27: =IF(G27+I27-H27-F27>=0,G27+I27-H27-F27,0) -> 0 | L27: =IF(SUM(J27:K27)>0,"X","")
A28: 1411 | F28: =if($D28+SUMIFS(AC_SOTIEN,AC_TKNO,$A28,AC_PHAITHU,$B28,AC_NGAY,"<"&$F$4)-($E28+SUMIFS(AC_SOTIEN,AC_TKCO,$A28,AC_PHAITRA,$B28,AC_NGAY,"<"&$F$4))>0,$D28+SUMIFS(AC_SOTIEN,AC_TKNO,$A28,AC_PHAITHU,$B28,AC_NGAY,"<"&$F$4)-($E28+SUMIFS(AC_SOTIEN,AC_TKCO,$A28,AC_PHAITRA,$B28,AC_NGAY,"<"&$F$4)),"") | G28: =IF($E28+SUMIFS(AC_SOTIEN,AC_TKCO,$A28,AC_PHAITRA,$B28, AC_NGAY,"<"&$F$4)-($D28+SUMIFS(AC_SOTIEN,AC_TKNO,$A28,AC_PHAITHU,$B28,AC_NGAY,"<"&$F$4))>0,$E28+SUMIFS(AC_SOTIEN,AC_TKCO,$A28,AC_PHAITRA,$B28,AC_NGAY,"<"&$F$4)-($D28+SUMIFS(AC_SOTIEN,AC_TKNO,$A28,AC_PHAITHU,$B28,AC_NGAY,"<"&$F$4)),"") | H28: =SUMIFS(AC_SOTIEN,AC_TKNO,$A28 ,AC_PHAITHU,$B28,AC_NGAY,">="&$F$4,AC_NGAY,"<="&$H$4) -> 0 | I28: =SUMIFS(AC_SOTIEN,AC_TKCO,$A28,AC_PHAITRA, $B28,AC_NGAY,">="&$F$4,AC_NGAY,"<="&$H$4) -> 0 | J28: =IF(F28+H28-G28-I28>=0,F28+H28-G28-I28,0) -> 0 | K28: =IF(G28+I28-H28-F28>=0,G28+I28-H28-F28,0) -> 0 | L28: =IF(SUM(J28:K28)>0,"X","")
A29: 1411 | F29: =if($D29+SUMIFS(AC_SOTIEN,AC_TKNO,$A29,AC_PHAITHU,$B29,AC_NGAY,"<"&$F$4)-($E29+SUMIFS(AC_SOTIEN,AC_TKCO,$A29,AC_PHAITRA,$B29,AC_NGAY,"<"&$F$4))>0,$D29+SUMIFS(AC_SOTIEN,AC_TKNO,$A29,AC_PHAITHU,$B29,AC_NGAY,"<"&$F$4)-($E29+SUMIFS(AC_SOTIEN,AC_TKCO,$A29,AC_PHAITRA,$B29,AC_NGAY,"<"&$F$4)),"") | G29: =IF($E29+SUMIFS(AC_SOTIEN,AC_TKCO,$A29,AC_PHAITRA,$B29, AC_NGAY,"<"&$F$4)-($D29+SUMIFS(AC_SOTIEN,AC_TKNO,$A29,AC_PHAITHU,$B29,AC_NGAY,"<"&$F$4))>0,$E29+SUMIFS(AC_SOTIEN,AC_TKCO,$A29,AC_PHAITRA,$B29,AC_NGAY,"<"&$F$4)-($D29+SUMIFS(AC_SOTIEN,AC_TKNO,$A29,AC_PHAITHU,$B29,AC_NGAY,"<"&$F$4)),"") | H29: =SUMIFS(AC_SOTIEN,AC_TKNO,$A29 ,AC_PHAITHU,$B29,AC_NGAY,">="&$F$4,AC_NGAY,"<="&$H$4) -> 0 | I29: =SUMIFS(AC_SOTIEN,AC_TKCO,$A29,AC_PHAITRA, $B29,AC_NGAY,">="&$F$4,AC_NGAY,"<="&$H$4) -> 0 | J29: =IF(F29+H29-G29-I29>=0,F29+H29-G29-I29,0) -> 0 | K29: =IF(G29+I29-H29-F29>=0,G29+I29-H29-F29,0) -> 0 | L29: =IF(SUM(J29:K29)>0,"X","")
A30: 1411 | F30: =if($D30+SUMIFS(AC_SOTIEN,AC_TKNO,$A30,AC_PHAITHU,$B30,AC_NGAY,"<"&$F$4)-($E30+SUMIFS(AC_SOTIEN,AC_TKCO,$A30,AC_PHAITRA,$B30,AC_NGAY,"<"&$F$4))>0,$D30+SUMIFS(AC_SOTIEN,AC_TKNO,$A30,AC_PHAITHU,$B30,AC_NGAY,"<"&$F$4)-($E30+SUMIFS(AC_SOTIEN,AC_TKCO,$A30,AC_PHAITRA,$B30,AC_NGAY,"<"&$F$4)),"") | G30: =IF($E30+SUMIFS(AC_SOTIEN,AC_TKCO,$A30,AC_PHAITRA,$B30, AC_NGAY,"<"&$F$4)-($D30+SUMIFS(AC_SOTIEN,AC_TKNO,$A30,AC_PHAITHU,$B30,AC_NGAY,"<"&$F$4))>0,$E30+SUMIFS(AC_SOTIEN,AC_TKCO,$A30,AC_PHAITRA,$B30,AC_NGAY,"<"&$F$4)-($D30+SUMIFS(AC_SOTIEN,AC_TKNO,$A30,AC_PHAITHU,$B30,AC_NGAY,"<"&$F$4)),"") | H30: =SUMIFS(AC_SOTIEN,AC_TKNO,$A30 ,AC_PHAITHU,$B30,AC_NGAY,">="&$F$4,AC_NGAY,"<="&$H$4) -> 0 | I30: =SUMIFS(AC_SOTIEN,AC_TKCO,$A30,AC_PHAITRA, $B30,AC_NGAY,">="&$F$4,AC_NGAY,"<="&$H$4) -> 0 | J30: =IF(F30+H30-G30-I30>=0,F30+H30-G30-I30,0) -> 0 | K30: =IF(G30+I30-H30-F30>=0,G30+I30-H30-F30,0) -> 0 | L30: =IF(SUM(J30:K30)>0,"X","")
A31: 1411 | F31: =if($D31+SUMIFS(AC_SOTIEN,AC_TKNO,$A31,AC_PHAITHU,$B31,AC_NGAY,"<"&$F$4)-($E31+SUMIFS(AC_SOTIEN,AC_TKCO,$A31,AC_PHAITRA,$B31,AC_NGAY,"<"&$F$4))>0,$D31+SUMIFS(AC_SOTIEN,AC_TKNO,$A31,AC_PHAITHU,$B31,AC_NGAY,"<"&$F$4)-($E31+SUMIFS(AC_SOTIEN,AC_TKCO,$A31,AC_PHAITRA,$B31,AC_NGAY,"<"&$F$4)),"") | G31: =IF($E31+SUMIFS(AC_SOTIEN,AC_TKCO,$A31,AC_PHAITRA,$B31, AC_NGAY,"<"&$F$4)-($D31+SUMIFS(AC_SOTIEN,AC_TKNO,$A31,AC_PHAITHU,$B31,AC_NGAY,"<"&$F$4))>0,$E31+SUMIFS(AC_SOTIEN,AC_TKCO,$A31,AC_PHAITRA,$B31,AC_NGAY,"<"&$F$4)-($D31+SUMIFS(AC_SOTIEN,AC_TKNO,$A31,AC_PHAITHU,$B31,AC_NGAY,"<"&$F$4)),"") | H31: =SUMIFS(AC_SOTIEN,AC_TKNO,$A31 ,AC_PHAITHU,$B31,AC_NGAY,">="&$F$4,AC_NGAY,"<="&$H$4) -> 0 | I31: =SUMIFS(AC_SOTIEN,AC_TKCO,$A31,AC_PHAITRA, $B31,AC_NGAY,">="&$F$4,AC_NGAY,"<="&$H$4) -> 0 | J31: =IF(F31+H31-G31-I31>=0,F31+H31-G31-I31,0) -> 0 | K31: =IF(G31+I31-H31-F31>=0,G31+I31-H31-F31,0) -> 0 | L31: =IF(SUM(J31:K31)>0,"X","")
A32: 1411 | F32: =if($D32+SUMIFS(AC_SOTIEN,AC_TKNO,$A32,AC_PHAITHU,$B32,AC_NGAY,"<"&$F$4)-($E32+SUMIFS(AC_SOTIEN,AC_TKCO,$A32,AC_PHAITRA,$B32,AC_NGAY,"<"&$F$4))>0,$D32+SUMIFS(AC_SOTIEN,AC_TKNO,$A32,AC_PHAITHU,$B32,AC_NGAY,"<"&$F$4)-($E32+SUMIFS(AC_SOTIEN,AC_TKCO,$A32,AC_PHAITRA,$B32,AC_NGAY,"<"&$F$4)),"") | G32: =IF($E32+SUMIFS(AC_SOTIEN,AC_TKCO,$A32,AC_PHAITRA,$B32, AC_NGAY,"<"&$F$4)-($D32+SUMIFS(AC_SOTIEN,AC_TKNO,$A32,AC_PHAITHU,$B32,AC_NGAY,"<"&$F$4))>0,$E32+SUMIFS(AC_SOTIEN,AC_TKCO,$A32,AC_PHAITRA,$B32,AC_NGAY,"<"&$F$4)-($D32+SUMIFS(AC_SOTIEN,AC_TKNO,$A32,AC_PHAITHU,$B32,AC_NGAY,"<"&$F$4)),"") | H32: =SUMIFS(AC_SOTIEN,AC_TKNO,$A32 ,AC_PHAITHU,$B32,AC_NGAY,">="&$F$4,AC_NGAY,"<="&$H$4) -> 0 | I32: =SUMIFS(AC_SOTIEN,AC_TKCO,$A32,AC_PHAITRA, $B32,AC_NGAY,">="&$F$4,AC_NGAY,"<="&$H$4) -> 0 | J32: =IF(F32+H32-G32-I32>=0,F32+H32-G32-I32,0) -> 0 | K32: =IF(G32+I32-H32-F32>=0,G32+I32-H32-F32,0) -> 0 | L32: =IF(SUM(J32:K32)>0,"X","")
A33: 1411 | F33: =if($D33+SUMIFS(AC_SOTIEN,AC_TKNO,$A33,AC_PHAITHU,$B33,AC_NGAY,"<"&$F$4)-($E33+SUMIFS(AC_SOTIEN,AC_TKCO,$A33,AC_PHAITRA,$B33,AC_NGAY,"<"&$F$4))>0,$D33+SUMIFS(AC_SOTIEN,AC_TKNO,$A33,AC_PHAITHU,$B33,AC_NGAY,"<"&$F$4)-($E33+SUMIFS(AC_SOTIEN,AC_TKCO,$A33,AC_PHAITRA,$B33,AC_NGAY,"<"&$F$4)),"") | G33: =IF($E33+SUMIFS(AC_SOTIEN,AC_TKCO,$A33,AC_PHAITRA,$B33, AC_NGAY,"<"&$F$4)-($D33+SUMIFS(AC_SOTIEN,AC_TKNO,$A33,AC_PHAITHU,$B33,AC_NGAY,"<"&$F$4))>0,$E33+SUMIFS(AC_SOTIEN,AC_TKCO,$A33,AC_PHAITRA,$B33,AC_NGAY,"<"&$F$4)-($D33+SUMIFS(AC_SOTIEN,AC_TKNO,$A33,AC_PHAITHU,$B33,AC_NGAY,"<"&$F$4)),"") | H33: =SUMIFS(AC_SOTIEN,AC_TKNO,$A33 ,AC_PHAITHU,$B33,AC_NGAY,">="&$F$4,AC_NGAY,"<="&$H$4) -> 0 | I33: =SUMIFS(AC_SOTIEN,AC_TKCO,$A33,AC_PHAITRA, $B33,AC_NGAY,">="&$F$4,AC_NGAY,"<="&$H$4) -> 0 | J33: =IF(F33+H33-G33-I33>=0,F33+H33-G33-I33,0) -> 0 | K33: =IF(G33+I33-H33-F33>=0,G33+I33-H33-F33,0) -> 0 | L33: =IF(SUM(J33:K33)>0,"X","")
B34: 3311 | C34: CÔNG NỢ PHẢI TRẢ NGƯỜI BÁN | F34: =SUMIF($A:$A,$B34,F:F) -> 0 | G34: =SUMIF($A:$A,$B34,G:G) -> 0 | H34: =SUMIF($A:$A,$B34,H:H) -> 0 | I34: =SUMIF($A:$A,$B34,I:I) -> 0 | J34: =SUMIF($A:$A,$B34,J:J) -> 0 | K34: =SUMIF($A:$A,$B34,K:K) -> 0 | L34: SUM
A35: 3311 | C35: Dịch vụ xe nội bộ | F35: =if($D35+SUMIFS(AC_SOTIEN,AC_TKNO,$A35,AC_PHAITHU,$B35,AC_NGAY,"<"&$F$4)-($E35+SUMIFS(AC_SOTIEN,AC_TKCO,$A35,AC_PHAITRA,$B35,AC_NGAY,"<"&$F$4))>0,$D35+SUMIFS(AC_SOTIEN,AC_TKNO,$A35,AC_PHAITHU,$B35,AC_NGAY,"<"&$F$4)-($E35+SUMIFS(AC_SOTIEN,AC_TKCO,$A35,AC_PHAITRA,$B35,AC_NGAY,"<"&$F$4)),"") | G35: =IF($E35+SUMIFS(AC_SOTIEN,AC_TKCO,$A35,AC_PHAITRA,$B35, AC_NGAY,"<"&$F$4)-($D35+SUMIFS(AC_SOTIEN,AC_TKNO,$A35,AC_PHAITHU,$B35,AC_NGAY,"<"&$F$4))>0,$E35+SUMIFS(AC_SOTIEN,AC_TKCO,$A35,AC_PHAITRA,$B35,AC_NGAY,"<"&$F$4)-($D35+SUMIFS(AC_SOTIEN,AC_TKNO,$A35,AC_PHAITHU,$B35,AC_NGAY,"<"&$F$4)),"") | H35: =SUMIFS(AC_SOTIEN,AC_TKNO,$A35 ,AC_PHAITHU,$B35,AC_NGAY,">="&$F$4,AC_NGAY,"<="&$H$4) -> 0 | I35: =SUMIFS(AC_SOTIEN,AC_TKCO,$A35,AC_PHAITRA, $B35,AC_NGAY,">="&$F$4,AC_NGAY,"<="&$H$4) -> 0 | J35: =IF(F35+H35-G35-I35>=0,F35+H35-G35-I35,0) -> 0 | K35: =IF(G35+I35-H35-F35>=0,G35+I35-H35-F35,0) -> 0 | L35: =IF(SUM(J35:K35)>0,"X","")
A36: 3311 | C36: DV xe ngoài | F36: =if($D36+SUMIFS(AC_SOTIEN,AC_TKNO,$A36,AC_PHAITHU,$B36,AC_NGAY,"<"&$F$4)-($E36+SUMIFS(AC_SOTIEN,AC_TKCO,$A36,AC_PHAITRA,$B36,AC_NGAY,"<"&$F$4))>0,$D36+SUMIFS(AC_SOTIEN,AC_TKNO,$A36,AC_PHAITHU,$B36,AC_NGAY,"<"&$F$4)-($E36+SUMIFS(AC_SOTIEN,AC_TKCO,$A36,AC_PHAITRA,$B36,AC_NGAY,"<"&$F$4)),"") | G36: =IF($E36+SUMIFS(AC_SOTIEN,AC_TKCO,$A36,AC_PHAITRA,$B36, AC_NGAY,"<"&$F$4)-($D36+SUMIFS(AC_SOTIEN,AC_TKNO,$A36,AC_PHAITHU,$B36,AC_NGAY,"<"&$F$4))>0,$E36+SUMIFS(AC_SOTIEN,AC_TKCO,$A36,AC_PHAITRA,$B36,AC_NGAY,"<"&$F$4)-($D36+SUMIFS(AC_SOTIEN,AC_TKNO,$A36,AC_PHAITHU,$B36,AC_NGAY,"<"&$F$4)),"") | H36: =SUMIFS(AC_SOTIEN,AC_TKNO,$A36 ,AC_PHAITHU,$B36,AC_NGAY,">="&$F$4,AC_NGAY,"<="&$H$4) -> 0 | I36: =SUMIFS(AC_SOTIEN,AC_TKCO,$A36,AC_PHAITRA, $B36,AC_NGAY,">="&$F$4,AC_NGAY,"<="&$H$4) -> 0 | J36: =IF(F36+H36-G36-I36>=0,F36+H36-G36-I36,0) -> 0 | K36: =IF(G36+I36-H36-F36>=0,G36+I36-H36-F36,0) -> 0 | L36: =IF(SUM(J36:K36)>0,"X","")
A37: 3311 | F37: =if($D37+SUMIFS(AC_SOTIEN,AC_TKNO,$A37,AC_PHAITHU,$B37,AC_NGAY,"<"&$F$4)-($E37+SUMIFS(AC_SOTIEN,AC_TKCO,$A37,AC_PHAITRA,$B37,AC_NGAY,"<"&$F$4))>0,$D37+SUMIFS(AC_SOTIEN,AC_TKNO,$A37,AC_PHAITHU,$B37,AC_NGAY,"<"&$F$4)-($E37+SUMIFS(AC_SOTIEN,AC_TKCO,$A37,AC_PHAITRA,$B37,AC_NGAY,"<"&$F$4)),"") | G37: =IF($E37+SUMIFS(AC_SOTIEN,AC_TKCO,$A37,AC_PHAITRA,$B37, AC_NGAY,"<"&$F$4)-($D37+SUMIFS(AC_SOTIEN,AC_TKNO,$A37,AC_PHAITHU,$B37,AC_NGAY,"<"&$F$4))>0,$E37+SUMIFS(AC_SOTIEN,AC_TKCO,$A37,AC_PHAITRA,$B37,AC_NGAY,"<"&$F$4)-($D37+SUMIFS(AC_SOTIEN,AC_TKNO,$A37,AC_PHAITHU,$B37,AC_NGAY,"<"&$F$4)),"") | H37: =SUMIFS(AC_SOTIEN,AC_TKNO,$A37 ,AC_PHAITHU,$B37,AC_NGAY,">="&$F$4,AC_NGAY,"<="&$H$4) -> 0 | I37: =SUMIFS(AC_SOTIEN,AC_TKCO,$A37,AC_PHAITRA, $B37,AC_NGAY,">="&$F$4,AC_NGAY,"<="&$H$4) -> 0 | J37: =IF(F37+H37-G37-I37>=0,F37+H37-G37-I37,0) -> 0 | K37: =IF(G37+I37-H37-F37>=0,G37+I37-H37-F37,0) -> 0 | L37: =IF(SUM(J37:K37)>0,"X","")
A38: 3311 | F38: =if($D38+SUMIFS(AC_SOTIEN,AC_TKNO,$A38,AC_PHAITHU,$B38,AC_NGAY,"<"&$F$4)-($E38+SUMIFS(AC_SOTIEN,AC_TKCO,$A38,AC_PHAITRA,$B38,AC_NGAY,"<"&$F$4))>0,$D38+SUMIFS(AC_SOTIEN,AC_TKNO,$A38,AC_PHAITHU,$B38,AC_NGAY,"<"&$F$4)-($E38+SUMIFS(AC_SOTIEN,AC_TKCO,$A38,AC_PHAITRA,$B38,AC_NGAY,"<"&$F$4)),"") | G38: =IF($E38+SUMIFS(AC_SOTIEN,AC_TKCO,$A38,AC_PHAITRA,$B38, AC_NGAY,"<"&$F$4)-($D38+SUMIFS(AC_SOTIEN,AC_TKNO,$A38,AC_PHAITHU,$B38,AC_NGAY,"<"&$F$4))>0,$E38+SUMIFS(AC_SOTIEN,AC_TKCO,$A38,AC_PHAITRA,$B38,AC_NGAY,"<"&$F$4)-($D38+SUMIFS(AC_SOTIEN,AC_TKNO,$A38,AC_PHAITHU,$B38,AC_NGAY,"<"&$F$4)),"") | H38: =SUMIFS(AC_SOTIEN,AC_TKNO,$A38 ,AC_PHAITHU,$B38,AC_NGAY,">="&$F$4,AC_NGAY,"<="&$H$4) -> 0 | I38: =SUMIFS(AC_SOTIEN,AC_TKCO,$A38,AC_PHAITRA, $B38,AC_NGAY,">="&$F$4,AC_NGAY,"<="&$H$4) -> 0 | J38: =IF(F38+H38-G38-I38>=0,F38+H38-G38-I38,0) -> 0 | K38: =IF(G38+I38-H38-F38>=0,G38+I38-H38-F38,0) -> 0 | L38: =IF(SUM(J38:K38)>0,"X","")
A39: 3311 | F39: =if($D39+SUMIFS(AC_SOTIEN,AC_TKNO,$A39,AC_PHAITHU,$B39,AC_NGAY,"<"&$F$4)-($E39+SUMIFS(AC_SOTIEN,AC_TKCO,$A39,AC_PHAITRA,$B39,AC_NGAY,"<"&$F$4))>0,$D39+SUMIFS(AC_SOTIEN,AC_TKNO,$A39,AC_PHAITHU,$B39,AC_NGAY,"<"&$F$4)-($E39+SUMIFS(AC_SOTIEN,AC_TKCO,$A39,AC_PHAITRA,$B39,AC_NGAY,"<"&$F$4)),"") | G39: =IF($E39+SUMIFS(AC_SOTIEN,AC_TKCO,$A39,AC_PHAITRA,$B39, AC_NGAY,"<"&$F$4)-($D39+SUMIFS(AC_SOTIEN,AC_TKNO,$A39,AC_PHAITHU,$B39,AC_NGAY,"<"&$F$4))>0,$E39+SUMIFS(AC_SOTIEN,AC_TKCO,$A39,AC_PHAITRA,$B39,AC_NGAY,"<"&$F$4)-($D39+SUMIFS(AC_SOTIEN,AC_TKNO,$A39,AC_PHAITHU,$B39,AC_NGAY,"<"&$F$4)),"") | H39: =SUMIFS(AC_SOTIEN,AC_TKNO,$A39 ,AC_PHAITHU,$B39,AC_NGAY,">="&$F$4,AC_NGAY,"<="&$H$4) -> 0 | I39: =SUMIFS(AC_SOTIEN,AC_TKCO,$A39,AC_PHAITRA, $B39,AC_NGAY,">="&$F$4,AC_NGAY,"<="&$H$4) -> 0 | J39: =IF(F39+H39-G39-I39>=0,F39+H39-G39-I39,0) -> 0 | K39: =IF(G39+I39-H39-F39>=0,G39+I39-H39-F39,0) -> 0 | L39: =IF(SUM(J39:K39)>0,"X","")
A40: 3311 | F40: =if($D40+SUMIFS(AC_SOTIEN,AC_TKNO,$A40,AC_PHAITHU,$B40,AC_NGAY,"<"&$F$4)-($E40+SUMIFS(AC_SOTIEN,AC_TKCO,$A40,AC_PHAITRA,$B40,AC_NGAY,"<"&$F$4))>0,$D40+SUMIFS(AC_SOTIEN,AC_TKNO,$A40,AC_PHAITHU,$B40,AC_NGAY,"<"&$F$4)-($E40+SUMIFS(AC_SOTIEN,AC_TKCO,$A40,AC_PHAITRA,$B40,AC_NGAY,"<"&$F$4)),"") | G40: =IF($E40+SUMIFS(AC_SOTIEN,AC_TKCO,$A40,AC_PHAITRA,$B40, AC_NGAY,"<"&$F$4)-($D40+SUMIFS(AC_SOTIEN,AC_TKNO,$A40,AC_PHAITHU,$B40,AC_NGAY,"<"&$F$4))>0,$E40+SUMIFS(AC_SOTIEN,AC_TKCO,$A40,AC_PHAITRA,$B40,AC_NGAY,"<"&$F$4)-($D40+SUMIFS(AC_SOTIEN,AC_TKNO,$A40,AC_PHAITHU,$B40,AC_NGAY,"<"&$F$4)),"") | H40: =SUMIFS(AC_SOTIEN,AC_TKNO,$A40 ,AC_PHAITHU,$B40,AC_NGAY,">="&$F$4,AC_NGAY,"<="&$H$4) -> 0 | I40: =SUMIFS(AC_SOTIEN,AC_TKCO,$A40,AC_PHAITRA, $B40,AC_NGAY,">="&$F$4,AC_NGAY,"<="&$H$4) -> 0 | J40: =IF(F40+H40-G40-I40>=0,F40+H40-G40-I40,0) -> 0 | K40: =IF(G40+I40-H40-F40>=0,G40+I40-H40-F40,0) -> 0 | L40: =IF(SUM(J40:K40)>0,"X","")
A41: 3311 | F41: =if($D41+SUMIFS(AC_SOTIEN,AC_TKNO,$A41,AC_PHAITHU,$B41,AC_NGAY,"<"&$F$4)-($E41+SUMIFS(AC_SOTIEN,AC_TKCO,$A41,AC_PHAITRA,$B41,AC_NGAY,"<"&$F$4))>0,$D41+SUMIFS(AC_SOTIEN,AC_TKNO,$A41,AC_PHAITHU,$B41,AC_NGAY,"<"&$F$4)-($E41+SUMIFS(AC_SOTIEN,AC_TKCO,$A41,AC_PHAITRA,$B41,AC_NGAY,"<"&$F$4)),"") | G41: =IF($E41+SUMIFS(AC_SOTIEN,AC_TKCO,$A41,AC_PHAITRA,$B41, AC_NGAY,"<"&$F$4)-($D41+SUMIFS(AC_SOTIEN,AC_TKNO,$A41,AC_PHAITHU,$B41,AC_NGAY,"<"&$F$4))>0,$E41+SUMIFS(AC_SOTIEN,AC_TKCO,$A41,AC_PHAITRA,$B41,AC_NGAY,"<"&$F$4)-($D41+SUMIFS(AC_SOTIEN,AC_TKNO,$A41,AC_PHAITHU,$B41,AC_NGAY,"<"&$F$4)),"") | H41: =SUMIFS(AC_SOTIEN,AC_TKNO,$A41 ,AC_PHAITHU,$B41,AC_NGAY,">="&$F$4,AC_NGAY,"<="&$H$4) -> 0 | I41: =SUMIFS(AC_SOTIEN,AC_TKCO,$A41,AC_PHAITRA, $B41,AC_NGAY,">="&$F$4,AC_NGAY,"<="&$H$4) -> 0 | J41: =IF(F41+H41-G41-I41>=0,F41+H41-G41-I41,0) -> 0 | K41: =IF(G41+I41-H41-F41>=0,G41+I41-H41-F41,0) -> 0 | L41: =IF(SUM(J41:K41)>0,"X","")
A42: 3311 | F42: =if($D42+SUMIFS(AC_SOTIEN,AC_TKNO,$A42,AC_PHAITHU,$B42,AC_NGAY,"<"&$F$4)-($E42+SUMIFS(AC_SOTIEN,AC_TKCO,$A42,AC_PHAITRA,$B42,AC_NGAY,"<"&$F$4))>0,$D42+SUMIFS(AC_SOTIEN,AC_TKNO,$A42,AC_PHAITHU,$B42,AC_NGAY,"<"&$F$4)-($E42+SUMIFS(AC_SOTIEN,AC_TKCO,$A42,AC_PHAITRA,$B42,AC_NGAY,"<"&$F$4)),"") | G42: =IF($E42+SUMIFS(AC_SOTIEN,AC_TKCO,$A42,AC_PHAITRA,$B42, AC_NGAY,"<"&$F$4)-($D42+SUMIFS(AC_SOTIEN,AC_TKNO,$A42,AC_PHAITHU,$B42,AC_NGAY,"<"&$F$4))>0,$E42+SUMIFS(AC_SOTIEN,AC_TKCO,$A42,AC_PHAITRA,$B42,AC_NGAY,"<"&$F$4)-($D42+SUMIFS(AC_SOTIEN,AC_TKNO,$A42,AC_PHAITHU,$B42,AC_NGAY,"<"&$F$4)),"") | H42: =SUMIFS(AC_SOTIEN,AC_TKNO,$A42 ,AC_PHAITHU,$B42,AC_NGAY,">="&$F$4,AC_NGAY,"<="&$H$4) -> 0 | I42: =SUMIFS(AC_SOTIEN,AC_TKCO,$A42,AC_PHAITRA, $B42,AC_NGAY,">="&$F$4,AC_NGAY,"<="&$H$4) -> 0 | J42: =IF(F42+H42-G42-I42>=0,F42+H42-G42-I42,0) -> 0 | K42: =IF(G42+I42-H42-F42>=0,G42+I42-H42-F42,0) -> 0 | L42: =IF(SUM(J42:K42)>0,"X","")
A43: 3311 | F43: =if($D43+SUMIFS(AC_SOTIEN,AC_TKNO,$A43,AC_PHAITHU,$B43,AC_NGAY,"<"&$F$4)-($E43+SUMIFS(AC_SOTIEN,AC_TKCO,$A43,AC_PHAITRA,$B43,AC_NGAY,"<"&$F$4))>0,$D43+SUMIFS(AC_SOTIEN,AC_TKNO,$A43,AC_PHAITHU,$B43,AC_NGAY,"<"&$F$4)-($E43+SUMIFS(AC_SOTIEN,AC_TKCO,$A43,AC_PHAITRA,$B43,AC_NGAY,"<"&$F$4)),"") | G43: =IF($E43+SUMIFS(AC_SOTIEN,AC_TKCO,$A43,AC_PHAITRA,$B43, AC_NGAY,"<"&$F$4)-($D43+SUMIFS(AC_SOTIEN,AC_TKNO,$A43,AC_PHAITHU,$B43,AC_NGAY,"<"&$F$4))>0,$E43+SUMIFS(AC_SOTIEN,AC_TKCO,$A43,AC_PHAITRA,$B43,AC_NGAY,"<"&$F$4)-($D43+SUMIFS(AC_SOTIEN,AC_TKNO,$A43,AC_PHAITHU,$B43,AC_NGAY,"<"&$F$4)),"") | H43: =SUMIFS(AC_SOTIEN,AC_TKNO,$A43 ,AC_PHAITHU,$B43,AC_NGAY,">="&$F$4,AC_NGAY,"<="&$H$4) -> 0 | I43: =SUMIFS(AC_SOTIEN,AC_TKCO,$A43,AC_PHAITRA, $B43,AC_NGAY,">="&$F$4,AC_NGAY,"<="&$H$4) -> 0 | J43: =IF(F43+H43-G43-I43>=0,F43+H43-G43-I43,0) -> 0 | K43: =IF(G43+I43-H43-F43>=0,G43+I43-H43-F43,0) -> 0 | L43: =IF(SUM(J43:K43)>0,"X","")
A44: 3311 | F44: =if($D44+SUMIFS(AC_SOTIEN,AC_TKNO,$A44,AC_PHAITHU,$B44,AC_NGAY,"<"&$F$4)-($E44+SUMIFS(AC_SOTIEN,AC_TKCO,$A44,AC_PHAITRA,$B44,AC_NGAY,"<"&$F$4))>0,$D44+SUMIFS(AC_SOTIEN,AC_TKNO,$A44,AC_PHAITHU,$B44,AC_NGAY,"<"&$F$4)-($E44+SUMIFS(AC_SOTIEN,AC_TKCO,$A44,AC_PHAITRA,$B44,AC_NGAY,"<"&$F$4)),"") | G44: =IF($E44+SUMIFS(AC_SOTIEN,AC_TKCO,$A44,AC_PHAITRA,$B44, AC_NGAY,"<"&$F$4)-($D44+SUMIFS(AC_SOTIEN,AC_TKNO,$A44,AC_PHAITHU,$B44,AC_NGAY,"<"&$F$4))>0,$E44+SUMIFS(AC_SOTIEN,AC_TKCO,$A44,AC_PHAITRA,$B44,AC_NGAY,"<"&$F$4)-($D44+SUMIFS(AC_SOTIEN,AC_TKNO,$A44,AC_PHAITHU,$B44,AC_NGAY,"<"&$F$4)),"") | H44: =SUMIFS(AC_SOTIEN,AC_TKNO,$A44 ,AC_PHAITHU,$B44,AC_NGAY,">="&$F$4,AC_NGAY,"<="&$H$4) -> 0 | I44: =SUMIFS(AC_SOTIEN,AC_TKCO,$A44,AC_PHAITRA, $B44,AC_NGAY,">="&$F$4,AC_NGAY,"<="&$H$4) -> 0 | J44: =IF(F44+H44-G44-I44>=0,F44+H44-G44-I44,0) -> 0 | K44: =IF(G44+I44-H44-F44>=0,G44+I44-H44-F44,0) -> 0 | L44: =IF(SUM(J44:K44)>0,"X","")
A45: 3311 | F45: =if($D45+SUMIFS(AC_SOTIEN,AC_TKNO,$A45,AC_PHAITHU,$B45,AC_NGAY,"<"&$F$4)-($E45+SUMIFS(AC_SOTIEN,AC_TKCO,$A45,AC_PHAITRA,$B45,AC_NGAY,"<"&$F$4))>0,$D45+SUMIFS(AC_SOTIEN,AC_TKNO,$A45,AC_PHAITHU,$B45,AC_NGAY,"<"&$F$4)-($E45+SUMIFS(AC_SOTIEN,AC_TKCO,$A45,AC_PHAITRA,$B45,AC_NGAY,"<"&$F$4)),"") | G45: =IF($E45+SUMIFS(AC_SOTIEN,AC_TKCO,$A45,AC_PHAITRA,$B45, AC_NGAY,"<"&$F$4)-($D45+SUMIFS(AC_SOTIEN,AC_TKNO,$A45,AC_PHAITHU,$B45,AC_NGAY,"<"&$F$4))>0,$E45+SUMIFS(AC_SOTIEN,AC_TKCO,$A45,AC_PHAITRA,$B45,AC_NGAY,"<"&$F$4)-($D45+SUMIFS(AC_SOTIEN,AC_TKNO,$A45,AC_PHAITHU,$B45,AC_NGAY,"<"&$F$4)),"") | H45: =SUMIFS(AC_SOTIEN,AC_TKNO,$A45 ,AC_PHAITHU,$B45,AC_NGAY,">="&$F$4,AC_NGAY,"<="&$H$4) -> 0 | I45: =SUMIFS(AC_SOTIEN,AC_TKCO,$A45,AC_PHAITRA, $B45,AC_NGAY,">="&$F$4,AC_NGAY,"<="&$H$4) -> 0 | J45: =IF(F45+H45-G45-I45>=0,F45+H45-G45-I45,0) -> 0 | K45: =IF(G45+I45-H45-F45>=0,G45+I45-H45-F45,0) -> 0 | L45: =IF(SUM(J45:K45)>0,"X","")
A46: 3311 | F46: =if($D46+SUMIFS(AC_SOTIEN,AC_TKNO,$A46,AC_PHAITHU,$B46,AC_NGAY,"<"&$F$4)-($E46+SUMIFS(AC_SOTIEN,AC_TKCO,$A46,AC_PHAITRA,$B46,AC_NGAY,"<"&$F$4))>0,$D46+SUMIFS(AC_SOTIEN,AC_TKNO,$A46,AC_PHAITHU,$B46,AC_NGAY,"<"&$F$4)-($E46+SUMIFS(AC_SOTIEN,AC_TKCO,$A46,AC_PHAITRA,$B46,AC_NGAY,"<"&$F$4)),"") | G46: =IF($E46+SUMIFS(AC_SOTIEN,AC_TKCO,$A46,AC_PHAITRA,$B46, AC_NGAY,"<"&$F$4)-($D46+SUMIFS(AC_SOTIEN,AC_TKNO,$A46,AC_PHAITHU,$B46,AC_NGAY,"<"&$F$4))>0,$E46+SUMIFS(AC_SOTIEN,AC_TKCO,$A46,AC_PHAITRA,$B46,AC_NGAY,"<"&$F$4)-($D46+SUMIFS(AC_SOTIEN,AC_TKNO,$A46,AC_PHAITHU,$B46,AC_NGAY,"<"&$F$4)),"") | H46: =SUMIFS(AC_SOTIEN,AC_TKNO,$A46 ,AC_PHAITHU,$B46,AC_NGAY,">="&$F$4,AC_NGAY,"<="&$H$4) -> 0 | I46: =SUMIFS(AC_SOTIEN,AC_TKCO,$A46,AC_PHAITRA, $B46,AC_NGAY,">="&$F$4,AC_NGAY,"<="&$H$4) -> 0 | J46: =IF(F46+H46-G46-I46>=0,F46+H46-G46-I46,0) -> 0 | K46: =IF(G46+I46-H46-F46>=0,G46+I46-H46-F46,0) -> 0 | L46: =IF(SUM(J46:K46)>0,"X","")
A47: 3311 | F47: =if($D47+SUMIFS(AC_SOTIEN,AC_TKNO,$A47,AC_PHAITHU,$B47,AC_NGAY,"<"&$F$4)-($E47+SUMIFS(AC_SOTIEN,AC_TKCO,$A47,AC_PHAITRA,$B47,AC_NGAY,"<"&$F$4))>0,$D47+SUMIFS(AC_SOTIEN,AC_TKNO,$A47,AC_PHAITHU,$B47,AC_NGAY,"<"&$F$4)-($E47+SUMIFS(AC_SOTIEN,AC_TKCO,$A47,AC_PHAITRA,$B47,AC_NGAY,"<"&$F$4)),"") | G47: =IF($E47+SUMIFS(AC_SOTIEN,AC_TKCO,$A47,AC_PHAITRA,$B47, AC_NGAY,"<"&$F$4)-($D47+SUMIFS(AC_SOTIEN,AC_TKNO,$A47,AC_PHAITHU,$B47,AC_NGAY,"<"&$F$4))>0,$E47+SUMIFS(AC_SOTIEN,AC_TKCO,$A47,AC_PHAITRA,$B47,AC_NGAY,"<"&$F$4)-($D47+SUMIFS(AC_SOTIEN,AC_TKNO,$A47,AC_PHAITHU,$B47,AC_NGAY,"<"&$F$4)),"") | H47: =SUMIFS(AC_SOTIEN,AC_TKNO,$A47 ,AC_PHAITHU,$B47,AC_NGAY,">="&$F$4,AC_NGAY,"<="&$H$4) -> 0 | I47: =SUMIFS(AC_SOTIEN,AC_TKCO,$A47,AC_PHAITRA, $B47,AC_NGAY,">="&$F$4,AC_NGAY,"<="&$H$4) -> 0 | J47: =IF(F47+H47-G47-I47>=0,F47+H47-G47-I47,0) -> 0 | K47: =IF(G47+I47-H47-F47>=0,G47+I47-H47-F47,0) -> 0 | L47: =IF(SUM(J47:K47)>0,"X","")
A48: 3311 | F48: =if($D48+SUMIFS(AC_SOTIEN,AC_TKNO,$A48,AC_PHAITHU,$B48,AC_NGAY,"<"&$F$4)-($E48+SUMIFS(AC_SOTIEN,AC_TKCO,$A48,AC_PHAITRA,$B48,AC_NGAY,"<"&$F$4))>0,$D48+SUMIFS(AC_SOTIEN,AC_TKNO,$A48,AC_PHAITHU,$B48,AC_NGAY,"<"&$F$4)-($E48+SUMIFS(AC_SOTIEN,AC_TKCO,$A48,AC_PHAITRA,$B48,AC_NGAY,"<"&$F$4)),"") | G48: =IF($E48+SUMIFS(AC_SOTIEN,AC_TKCO,$A48,AC_PHAITRA,$B48, AC_NGAY,"<"&$F$4)-($D48+SUMIFS(AC_SOTIEN,AC_TKNO,$A48,AC_PHAITHU,$B48,AC_NGAY,"<"&$F$4))>0,$E48+SUMIFS(AC_SOTIEN,AC_TKCO,$A48,AC_PHAITRA,$B48,AC_NGAY,"<"&$F$4)-($D48+SUMIFS(AC_SOTIEN,AC_TKNO,$A48,AC_PHAITHU,$B48,AC_NGAY,"<"&$F$4)),"") | H48: =SUMIFS(AC_SOTIEN,AC_TKNO,$A48 ,AC_PHAITHU,$B48,AC_NGAY,">="&$F$4,AC_NGAY,"<="&$H$4) -> 0 | I48: =SUMIFS(AC_SOTIEN,AC_TKCO,$A48,AC_PHAITRA, $B48,AC_NGAY,">="&$F$4,AC_NGAY,"<="&$H$4) -> 0 | J48: =IF(F48+H48-G48-I48>=0,F48+H48-G48-I48,0) -> 0 | K48: =IF(G48+I48-H48-F48>=0,G48+I48-H48-F48,0) -> 0 | L48: =IF(SUM(J48:K48)>0,"X","")
... A99: 3311 | F99: =if($D99+SUMIFS(AC_SOTIEN,AC_TKNO,$A99,AC_PHAITHU,$B99,AC_NGAY,"<"&$F$4)-($E99+SUMIFS(AC_SOTIEN,AC_TKCO,$A99,AC_PHAITRA,$B99,AC_NGAY,"<"&$F$4))>0,$D99+SUMIFS(AC_SOTIEN,AC_TKNO,$A99,AC_PHAITHU,$B99,AC_NGAY,"<"&$F$4)-($E99+SUMIFS(AC_SOTIEN,AC_TKCO,$A99,AC_PHAITRA,$B99,AC_NGAY,"<"&$F$4)),"") | G99: =IF($E99+SUMIFS(AC_SOTIEN,AC_TKCO,$A99,AC_PHAITRA,$B99, AC_NGAY,"<"&$F$4)-($D99+SUMIFS(AC_SOTIEN,AC_TKNO,$A99,AC_PHAITHU,$B99,AC_NGAY,"<"&$F$4))>0,$E99+SUMIFS(AC_SOTIEN,AC_TKCO,$A99,AC_PHAITRA,$B99,AC_NGAY,"<"&$F$4)-($D99+SUMIFS(AC_SOTIEN,AC_TKNO,$A99,AC_PHAITHU,$B99,AC_NGAY,"<"&$F$4)),"") | H99: =SUMIFS(AC_SOTIEN,AC_TKNO,$A99 ,AC_PHAITHU,$B99,AC_NGAY,">="&$F$4,AC_NGAY,"<="&$H$4) -> 0 | I99: =SUMIFS(AC_SOTIEN,AC_TKCO,$A99,AC_PHAITRA, $B99,AC_NGAY,">="&$F$4,AC_NGAY,"<="&$H$4) -> 0 | J99: =IF(F99+H99-G99-I99>=0,F99+H99-G99-I99,0) -> 0 | K99: =IF(G99+I99-H99-F99>=0,G99+I99-H99-F99,0) -> 0 | L99: =IF(SUM(J99:K99)>0,"X","")
B100: 3383 | C100: CÔNG NỢ PHẢI TRẢ BHXH | F100: =SUMIF($A:$A,$B100,F:F) -> 0 | G100: =SUMIF($A:$A,$B100,G:G) -> 0 | H100: =SUMIF($A:$A,$B100,H:H) -> 0 | I100: =SUMIF($A:$A,$B100,I:I) -> 0 | J100: =SUMIF($A:$A,$B100,J:J) -> 0 | K100: =SUMIF($A:$A,$B100,K:K) -> 0 | L100: SUM
A101: 3383 | B101: BHXH | C101: Bảo hiểm xã hội | F101: =if($D101+SUMIFS(AC_SOTIEN,AC_TKNO,$A101,AC_PHAITHU,$B101,AC_NGAY,"<"&$F$4)-($E101+SUMIFS(AC_SOTIEN,AC_TKCO,$A101,AC_PHAITRA,$B101,AC_NGAY,"<"&$F$4))>0,$D101+SUMIFS(AC_SOTIEN,AC_TKNO,$A101,AC_PHAITHU,$B101,AC_NGAY,"<"&$F$4)-($E101+SUMIFS(AC_SOTIEN,AC_TKCO,$A101,AC_PHAITRA,$B101,AC_NGAY,"<"&$F$4)),"") | G101: =IF($E101+SUMIFS(AC_SOTIEN,AC_TKCO,$A101,AC_PHAITRA,$B101, AC_NGAY,"<"&$F$4)-($D101+SUMIFS(AC_SOTIEN,AC_TKNO,$A101,AC_PHAITHU,$B101,AC_NGAY,"<"&$F$4))>0,$E101+SUMIFS(AC_SOTIEN,AC_TKCO,$A101,AC_PHAITRA,$B101,AC_NGAY,"<"&$F$4)-($D101+SUMIFS(AC_SOTIEN,AC_TKNO,$A101,AC_PHAITHU,$B101,AC_NGAY,"<"&$F$4)),"") | H101: =SUMIFS(AC_SOTIEN,AC_TKNO,$A101 ,AC_PHAITHU,$B101,AC_NGAY,">="&$F$4,AC_NGAY,"<="&$H$4) -> 0 | I101: =SUMIFS(AC_SOTIEN,AC_TKCO,$A101,AC_PHAITRA, $B101,AC_NGAY,">="&$F$4,AC_NGAY,"<="&$H$4) -> 0 | J101: =IF(F101+H101-G101-I101>=0,F101+H101-G101-I101,0) -> 0 | K101: =IF(G101+I101-H101-F101>=0,G101+I101-H101-F101,0) -> 0 | L101: =IF(SUM(J101:K101)>0,"X","")
B102: 3384 | C102: CÔNG NỢ PHẢI TRẢ BHYT | F102: =SUMIF($A:$A,$B102,F:F) -> 0 | G102: =SUMIF($A:$A,$B102,G:G) -> 0 | H102: =SUMIF($A:$A,$B102,H:H) -> 0 | I102: =SUMIF($A:$A,$B102,I:I) -> 0 | J102: =SUMIF($A:$A,$B102,J:J) -> 0 | K102: =SUMIF($A:$A,$B102,K:K) -> 0 | L102: SUM
A103: 3384 | B103: BHYT | C103: Bảo hiểm y tế | F103: =if($D103+SUMIFS(AC_SOTIEN,AC_TKNO,$A103,AC_PHAITHU,$B103,AC_NGAY,"<"&$F$4)-($E103+SUMIFS(AC_SOTIEN,AC_TKCO,$A103,AC_PHAITRA,$B103,AC_NGAY,"<"&$F$4))>0,$D103+SUMIFS(AC_SOTIEN,AC_TKNO,$A103,AC_PHAITHU,$B103,AC_NGAY,"<"&$F$4)-($E103+SUMIFS(AC_SOTIEN,AC_TKCO,$A103,AC_PHAITRA,$B103,AC_NGAY,"<"&$F$4)),"") | G103: =IF($E103+SUMIFS(AC_SOTIEN,AC_TKCO,$A103,AC_PHAITRA,$B103, AC_NGAY,"<"&$F$4)-($D103+SUMIFS(AC_SOTIEN,AC_TKNO,$A103,AC_PHAITHU,$B103,AC_NGAY,"<"&$F$4))>0,$E103+SUMIFS(AC_SOTIEN,AC_TKCO,$A103,AC_PHAITRA,$B103,AC_NGAY,"<"&$F$4)-($D103+SUMIFS(AC_SOTIEN,AC_TKNO,$A103,AC_PHAITHU,$B103,AC_NGAY,"<"&$F$4)),"") | H103: =SUMIFS(AC_SOTIEN,AC_TKNO,$A103 ,AC_PHAITHU,$B103,AC_NGAY,">="&$F$4,AC_NGAY,"<="&$H$4) -> 0 | I103: =SUMIFS(AC_SOTIEN,AC_TKCO,$A103,AC_PHAITRA, $B103,AC_NGAY,">="&$F$4,AC_NGAY,"<="&$H$4) -> 0 | J103: =IF(F103+H103-G103-I103>=0,F103+H103-G103-I103,0) -> 0 | K103: =IF(G103+I103-H103-F103>=0,G103+I103-H103-F103,0) -> 0 | L103: =IF(SUM(J103:K103)>0,"X","")
B104: 3386 | C104: CÔNG NỢ PHẢI TRẢ BHTN | F104: =SUMIF($A:$A,$B104,F:F) -> 0 | G104: =SUMIF($A:$A,$B104,G:G) -> 0 | H104: =SUMIF($A:$A,$B104,H:H) -> 0 | I104: =SUMIF($A:$A,$B104,I:I) -> 0 | J104: =SUMIF($A:$A,$B104,J:J) -> 0 | K104: =SUMIF($A:$A,$B104,K:K) -> 0 | L104: SUM
A105: 3386 | B105: BHTN | C105: Bảo hiểm thất nghiệp | F105: =if($D105+SUMIFS(AC_SOTIEN,AC_TKNO,$A105,AC_PHAITHU,$B105,AC_NGAY,"<"&$F$4)-($E105+SUMIFS(AC_SOTIEN,AC_TKCO,$A105,AC_PHAITRA,$B105,AC_NGAY,"<"&$F$4))>0,$D105+SUMIFS(AC_SOTIEN,AC_TKNO,$A105,AC_PHAITHU,$B105,AC_NGAY,"<"&$F$4)-($E105+SUMIFS(AC_SOTIEN,AC_TKCO,$A105,AC_PHAITRA,$B105,AC_NGAY,"<"&$F$4)),"") | G105: =IF($E105+SUMIFS(AC_SOTIEN,AC_TKCO,$A105,AC_PHAITRA,$B105, AC_NGAY,"<"&$F$4)-($D105+SUMIFS(AC_SOTIEN,AC_TKNO,$A105,AC_PHAITHU,$B105,AC_NGAY,"<"&$F$4))>0,$E105+SUMIFS(AC_SOTIEN,AC_TKCO,$A105,AC_PHAITRA,$B105,AC_NGAY,"<"&$F$4)-($D105+SUMIFS(AC_SOTIEN,AC_TKNO,$A105,AC_PHAITHU,$B105,AC_NGAY,"<"&$F$4)),"") | H105: =SUMIFS(AC_SOTIEN,AC_TKNO,$A105 ,AC_PHAITHU,$B105,AC_NGAY,">="&$F$4,AC_NGAY,"<="&$H$4) -> 0 | I105: =SUMIFS(AC_SOTIEN,AC_TKCO,$A105,AC_PHAITRA, $B105,AC_NGAY,">="&$F$4,AC_NGAY,"<="&$H$4) -> 0 | J105: =IF(F105+H105-G105-I105>=0,F105+H105-G105-I105,0) -> 0 | K105: =IF(G105+I105-H105-F105>=0,G105+I105-H105-F105,0) -> 0 | L105: =IF(SUM(J105:K105)>0,"X","")
B106: 3385 | C106: CÔNG NỢ PHẢI THU VỀ CỔ PHẦN | F106: =SUMIF($A:$A,$B106,F:F) -> 0 | G106: =SUMIF($A:$A,$B106,G:G) -> 0 | H106: =SUMIF($A:$A,$B106,H:H) -> 0 | I106: =SUMIF($A:$A,$B106,I:I) -> 0 | J106: =SUMIF($A:$A,$B106,J:J) -> 0 | K106: =SUMIF($A:$A,$B106,K:K) -> 0 | L106: SUM
A107: 3385 | C107: Trần Phước Thành | F107: =if($D107+SUMIFS(AC_SOTIEN,AC_TKNO,$A107,AC_PHAITHU,$B107,AC_NGAY,"<"&$F$4)-($E107+SUMIFS(AC_SOTIEN,AC_TKCO,$A107,AC_PHAITRA,$B107,AC_NGAY,"<"&$F$4))>0,$D107+SUMIFS(AC_SOTIEN,AC_TKNO,$A107,AC_PHAITHU,$B107,AC_NGAY,"<"&$F$4)-($E107+SUMIFS(AC_SOTIEN,AC_TKCO,$A107,AC_PHAITRA,$B107,AC_NGAY,"<"&$F$4)),"") | G107: =IF($E107+SUMIFS(AC_SOTIEN,AC_TKCO,$A107,AC_PHAITRA,$B107, AC_NGAY,"<"&$F$4)-($D107+SUMIFS(AC_SOTIEN,AC_TKNO,$A107,AC_PHAITHU,$B107,AC_NGAY,"<"&$F$4))>0,$E107+SUMIFS(AC_SOTIEN,AC_TKCO,$A107,AC_PHAITRA,$B107,AC_NGAY,"<"&$F$4)-($D107+SUMIFS(AC_SOTIEN,AC_TKNO,$A107,AC_PHAITHU,$B107,AC_NGAY,"<"&$F$4)),"") | H107: =SUMIFS(AC_SOTIEN,AC_TKNO,$A107 ,AC_PHAITHU,$B107,AC_NGAY,">="&$F$4,AC_NGAY,"<="&$H$4) -> 0 | I107: =SUMIFS(AC_SOTIEN,AC_TKCO,$A107,AC_PHAITRA, $B107,AC_NGAY,">="&$F$4,AC_NGAY,"<="&$H$4) -> 0 | J107: =IF(F107+H107-G107-I107>=0,F107+H107-G107-I107,0) -> 0 | K107: =IF(G107+I107-H107-F107>=0,G107+I107-H107-F107,0) -> 0 | L107: =IF(SUM(J107:K107)>0,"X","")
A108: 3385 | C108: Đinh Hoàng Nam | F108: =if($D108+SUMIFS(AC_SOTIEN,AC_TKNO,$A108,AC_PHAITHU,$B108,AC_NGAY,"<"&$F$4)-($E108+SUMIFS(AC_SOTIEN,AC_TKCO,$A108,AC_PHAITRA,$B108,AC_NGAY,"<"&$F$4))>0,$D108+SUMIFS(AC_SOTIEN,AC_TKNO,$A108,AC_PHAITHU,$B108,AC_NGAY,"<"&$F$4)-($E108+SUMIFS(AC_SOTIEN,AC_TKCO,$A108,AC_PHAITRA,$B108,AC_NGAY,"<"&$F$4)),"") | G108: =IF($E108+SUMIFS(AC_SOTIEN,AC_TKCO,$A108,AC_PHAITRA,$B108, AC_NGAY,"<"&$F$4)-($D108+SUMIFS(AC_SOTIEN,AC_TKNO,$A108,AC_PHAITHU,$B108,AC_NGAY,"<"&$F$4))>0,$E108+SUMIFS(AC_SOTIEN,AC_TKCO,$A108,AC_PHAITRA,$B108,AC_NGAY,"<"&$F$4)-($D108+SUMIFS(AC_SOTIEN,AC_TKNO,$A108,AC_PHAITHU,$B108,AC_NGAY,"<"&$F$4)),"") | H108: =SUMIFS(AC_SOTIEN,AC_TKNO,$A108 ,AC_PHAITHU,$B108,AC_NGAY,">="&$F$4,AC_NGAY,"<="&$H$4) -> 0 | I108: =SUMIFS(AC_SOTIEN,AC_TKCO,$A108,AC_PHAITRA, $B108,AC_NGAY,">="&$F$4,AC_NGAY,"<="&$H$4) -> 0 | J108: =IF(F108+H108-G108-I108>=0,F108+H108-G108-I108,0) -> 0 | K108: =IF(G108+I108-H108-F108>=0,G108+I108-H108-F108,0) -> 0 | L108: =IF(SUM(J108:K108)>0,"X","")
A109: 3385 | C109: Nguyễn Anh Vy | F109: =if($D109+SUMIFS(AC_SOTIEN,AC_TKNO,$A109,AC_PHAITHU,$B109,AC_NGAY,"<"&$F$4)-($E109+SUMIFS(AC_SOTIEN,AC_TKCO,$A109,AC_PHAITRA,$B109,AC_NGAY,"<"&$F$4))>0,$D109+SUMIFS(AC_SOTIEN,AC_TKNO,$A109,AC_PHAITHU,$B109,AC_NGAY,"<"&$F$4)-($E109+SUMIFS(AC_SOTIEN,AC_TKCO,$A109,AC_PHAITRA,$B109,AC_NGAY,"<"&$F$4)),"") | G109: =IF($E109+SUMIFS(AC_SOTIEN,AC_TKCO,$A109,AC_PHAITRA,$B109, AC_NGAY,"<"&$F$4)-($D109+SUMIFS(AC_SOTIEN,AC_TKNO,$A109,AC_PHAITHU,$B109,AC_NGAY,"<"&$F$4))>0,$E109+SUMIFS(AC_SOTIEN,AC_TKCO,$A109,AC_PHAITRA,$B109,AC_NGAY,"<"&$F$4)-($D109+SUMIFS(AC_SOTIEN,AC_TKNO,$A109,AC_PHAITHU,$B109,AC_NGAY,"<"&$F$4)),"") | H109: =SUMIFS(AC_SOTIEN,AC_TKNO,$A109 ,AC_PHAITHU,$B109,AC_NGAY,">="&$F$4,AC_NGAY,"<="&$H$4) -> 0 | I109: =SUMIFS(AC_SOTIEN,AC_TKCO,$A109,AC_PHAITRA, $B109,AC_NGAY,">="&$F$4,AC_NGAY,"<="&$H$4) -> 0 | J109: =IF(F109+H109-G109-I109>=0,F109+H109-G109-I109,0) -> 0 | K109: =IF(G109+I109-H109-F109>=0,G109+I109-H109-F109,0) -> 0 | L109: =IF(SUM(J109:K109)>0,"X","")
A110: 3385 | C110: Lê Hoàng Quân | F110: =if($D110+SUMIFS(AC_SOTIEN,AC_TKNO,$A110,AC_PHAITHU,$B110,AC_NGAY,"<"&$F$4)-($E110+SUMIFS(AC_SOTIEN,AC_TKCO,$A110,AC_PHAITRA,$B110,AC_NGAY,"<"&$F$4))>0,$D110+SUMIFS(AC_SOTIEN,AC_TKNO,$A110,AC_PHAITHU,$B110,AC_NGAY,"<"&$F$4)-($E110+SUMIFS(AC_SOTIEN,AC_TKCO,$A110,AC_PHAITRA,$B110,AC_NGAY,"<"&$F$4)),"") | G110: =IF($E110+SUMIFS(AC_SOTIEN,AC_TKCO,$A110,AC_PHAITRA,$B110, AC_NGAY,"<"&$F$4)-($D110+SUMIFS(AC_SOTIEN,AC_TKNO,$A110,AC_PHAITHU,$B110,AC_NGAY,"<"&$F$4))>0,$E110+SUMIFS(AC_SOTIEN,AC_TKCO,$A110,AC_PHAITRA,$B110,AC_NGAY,"<"&$F$4)-($D110+SUMIFS(AC_SOTIEN,AC_TKNO,$A110,AC_PHAITHU,$B110,AC_NGAY,"<"&$F$4)),"") | H110: =SUMIFS(AC_SOTIEN,AC_TKNO,$A110 ,AC_PHAITHU,$B110,AC_NGAY,">="&$F$4,AC_NGAY,"<="&$H$4) -> 0 | I110: =SUMIFS(AC_SOTIEN,AC_TKCO,$A110,AC_PHAITRA, $B110,AC_NGAY,">="&$F$4,AC_NGAY,"<="&$H$4) -> 0 | J110: =IF(F110+H110-G110-I110>=0,F110+H110-G110-I110,0) -> 0 | K110: =IF(G110+I110-H110-F110>=0,G110+I110-H110-F110,0) -> 0 | L110: =IF(SUM(J110:K110)>0,"X","")
B111: 3388 | C111: CÔNG NỢ | F111: =SUMIF($A:$A,$B111,F:F) -> 0 | G111: =SUMIF($A:$A,$B111,G:G) -> 0 | H111: =SUMIF($A:$A,$B111,H:H) -> 0 | I111: =SUMIF($A:$A,$B111,I:I) -> 0 | J111: =SUMIF($A:$A,$B111,J:J) -> 0 | K111: =SUMIF($A:$A,$B111,K:K) -> 0 | L111: SUM
A112: 3388 | F112: =if($D112+SUMIFS(AC_SOTIEN,AC_TKNO,$A112,AC_PHAITHU,$B112,AC_NGAY,"<"&$F$4)-($E112+SUMIFS(AC_SOTIEN,AC_TKCO,$A112,AC_PHAITRA,$B112,AC_NGAY,"<"&$F$4))>0,$D112+SUMIFS(AC_SOTIEN,AC_TKNO,$A112,AC_PHAITHU,$B112,AC_NGAY,"<"&$F$4)-($E112+SUMIFS(AC_SOTIEN,AC_TKCO,$A112,AC_PHAITRA,$B112,AC_NGAY,"<"&$F$4)),"") | G112: =IF($E112+SUMIFS(AC_SOTIEN,AC_TKCO,$A112,AC_PHAITRA,$B112, AC_NGAY,"<"&$F$4)-($D112+SUMIFS(AC_SOTIEN,AC_TKNO,$A112,AC_PHAITHU,$B112,AC_NGAY,"<"&$F$4))>0,$E112+SUMIFS(AC_SOTIEN,AC_TKCO,$A112,AC_PHAITRA,$B112,AC_NGAY,"<"&$F$4)-($D112+SUMIFS(AC_SOTIEN,AC_TKNO,$A112,AC_PHAITHU,$B112,AC_NGAY,"<"&$F$4)),"") | H112: =SUMIFS(AC_SOTIEN,AC_TKNO,$A112 ,AC_PHAITHU,$B112,AC_NGAY,">="&$F$4,AC_NGAY,"<="&$H$4) -> 0 | I112: =SUMIFS(AC_SOTIEN,AC_TKCO,$A112,AC_PHAITRA, $B112,AC_NGAY,">="&$F$4,AC_NGAY,"<="&$H$4) -> 0 | J112: =IF(F112+H112-G112-I112>=0,F112+H112-G112-I112,0) -> 0 | K112: =IF(G112+I112-H112-F112>=0,G112+I112-H112-F112,0) -> 0 | L112: =IF(SUM(J112:K112)>0,"X","")
A113: 3388 | F113: =if($D113+SUMIFS(AC_SOTIEN,AC_TKNO,$A113,AC_PHAITHU,$B113,AC_NGAY,"<"&$F$4)-($E113+SUMIFS(AC_SOTIEN,AC_TKCO,$A113,AC_PHAITRA,$B113,AC_NGAY,"<"&$F$4))>0,$D113+SUMIFS(AC_SOTIEN,AC_TKNO,$A113,AC_PHAITHU,$B113,AC_NGAY,"<"&$F$4)-($E113+SUMIFS(AC_SOTIEN,AC_TKCO,$A113,AC_PHAITRA,$B113,AC_NGAY,"<"&$F$4)),"") | G113: =IF($E113+SUMIFS(AC_SOTIEN,AC_TKCO,$A113,AC_PHAITRA,$B113, AC_NGAY,"<"&$F$4)-($D113+SUMIFS(AC_SOTIEN,AC_TKNO,$A113,AC_PHAITHU,$B113,AC_NGAY,"<"&$F$4))>0,$E113+SUMIFS(AC_SOTIEN,AC_TKCO,$A113,AC_PHAITRA,$B113,AC_NGAY,"<"&$F$4)-($D113+SUMIFS(AC_SOTIEN,AC_TKNO,$A113,AC_PHAITHU,$B113,AC_NGAY,"<"&$F$4)),"") | H113: =SUMIFS(AC_SOTIEN,AC_TKNO,$A113 ,AC_PHAITHU,$B113,AC_NGAY,">="&$F$4,AC_NGAY,"<="&$H$4) -> 0 | I113: =SUMIFS(AC_SOTIEN,AC_TKCO,$A113,AC_PHAITRA, $B113,AC_NGAY,">="&$F$4,AC_NGAY,"<="&$H$4) -> 0 | J113: =IF(F113+H113-G113-I113>=0,F113+H113-G113-I113,0) -> 0 | K113: =IF(G113+I113-H113-F113>=0,G113+I113-H113-F113,0) -> 0 | L113: =IF(SUM(J113:K113)>0,"X","")
A115: x | C115: Người ghi sổ | G115: Kế toán trưởng | J115: Giám đốc
A116: x | C116: (Ký, họ tên) | G116: (Ký, họ tên) | J116: (Ký,họ tên, đóng dấu)

Sheet Bảng kê mua vào
C12: FALSE | D12: Phiếu chi
C13: TRUE | D13: Hóa đơn
C14: TRUE | D14: Hợp đồng
C15: FALSE
C16: FALSE
C17: FALSE
C18: FALSE
C19: FALSE
C20: FALSE

Sheet Bảng kê bán ra

Sheet Tổng hợp thuế

Sheet Báo cáo nhanh thuế TNDN
A2: Tên công ty | E2: BÁO CÁO NHANH THUẾ TNDN
A3: MST:
A4: Năm:
A5: Lập: | D5: Kiểm soát: | H5: Lần thứ: ……
A6: TT | B6: CHỈ TIÊU | C6: Tài khoản | D6: Theo từng quý | H6: Lũy kế | I6: Công thức
D7: Quý 1 | E7: Quý 2 | F7: Quý 3 | G7: Quý 4
A8: 1 | B8: Doanh thu thuần bán hàng | C8: 511 | H8: =SUM(D8:G8) -> 0 | I8: Có TK 511
A9: 2 | B9: Doanh thu tài chính, lãi tiền gửi, lãi cho vay | C9: 515 | H9: =SUM(D9:G9) -> 0 | I9: Có TK 515
A10: 3 | B10: Thu nhập chịu thuế TNDN khác (Thanh lý, nhượng bán, cho tặng nhận được) | C10: 711 | H10: =SUM(D10:G10) -> 0 | I10: Có TK 711
A11: 4 | B11: Giá vốn hàng bán của hàng hóa dịch vụ | C11: 632 | H11: =SUM(D11:G11) -> 0 | I11: Nợ TK 632
A12: 5 | B12: Chi phí bán hàng | C12: 641 | H12: =SUM(D12:G12) -> 0 | I12: Nợ TK 641
A13: 6 | B13: Chi phí quản lý doanh nghiệp | C13: 642 | H13: =SUM(D13:G13) -> 0 | I13: Nợ TK 642
A14: 7 | B14: Chi phí khác | C14: 811 | H14: =SUM(D14:G14) -> 0 | I14: Nợ TK 811
A15: # | B15: Tổng chi phí ghi nhận theo phát sinh | D15: =SUM(D11:D14) -> 0 | E15: =SUM(E11:E14) -> 0 | F15: =SUM(F11:F14) -> 0 | G15: =SUM(G11:G14) -> 0 | H15: =SUM(D15:G15) -> 0 | I15: Tổng chi phí = 632 + 641 + 642 + 811
A16: A | B16: Lợi nhuận kế toán trước thuế | D16: =D8+D9+D10-D15 -> 0 | E16: =E8+E9+E10-E15 -> 0 | F16: =F8+F9+F10-F15 -> 0 | G16: =G8+G9+G10-G15 -> 0 | H16: =SUM(D16:G16) -> 0 | I16: Lợi nhuận trước thuế =511 +515+711-632-641-642-811
A17: Các khoản chi phí không được trừ, vượt định mức | D17: =SUM(D18:D22) -> 0 | E17: =SUM(E18:E22) -> 0 | F17: =SUM(F18:F22) -> 0 | G17: =SUM(G18:G22) -> 0 | H17: =SUM(D17:G17) -> 0 | I17: Chi phí không hợp lệ thuế (Được tổng từ cột đánh giá của kiểm soát)
A18: 1 | B18: Chi phí dịch vụ, hàng hóa mua vào | H18: =SUM(D18:G18) -> 0 | I18: Theo mã khoản mục và điều kiện loại trừ ở cột kiểm soát
A19: 2 | B19: Chi phí về TSCĐ, CCDC, CPTT | C19: 642 | H19: =SUM(D19:G19) -> 0 | I19: Theo mã khoản mục và điều kiện loại trừ ở cột kiểm soát
B20: Chi phí về TSCĐ, CCDC, CPTT | C20: 154
A21: 3 | B21: Chi phí về nhân công, bảo hiểm | H21: =SUM(D21:G21) -> 0 | I21: Theo mã khoản mục và điều kiện loại trừ ở cột kiểm soát
A22: 4 | B22: Chi phí về tài chính, chi phí khác | H22: =SUM(D22:G22) -> 0 | I22: Theo mã khoản mục và điều kiện loại trừ ở cột kiểm soát
A23: B | B23: Thu nhập tính thuế TNDN | D23: =D16+D17 -> 0 | E23: =E16+E17 -> 0 | F23: =F16+F17 -> 0 | G23: =G16+G17 -> 0 | H23: =SUM(D23:G23) -> 0 | I23: Thu nhập tính thuế = Lợi nhuận kế toán trước thuế + Chi phí không được trừ - Thu nhập miễn thuế - Lỗ được chuyển
A24: 16 | B24: Chi phí thuế TNDN hiện hành phải nộp | D24: =D23*20% -> 0 | E24: =E23*20% -> 0 | F24: =F23*20% -> 0 | G24: =G23*20% -> 0 | H24: =SUM(D24:G24) -> 0 | I24: Nếu tổng doanh thu lũy kế < 1 tỷ = 0 Nếu 3 tỷ > tổng doanh thu lũy kế > 1 tỷ = 15% Nếu 50 tỷ > tổng doanh thu lũy kế > 3 tỷ = 17% Nếu tổng doanh thu lũy kế > 50 tỷ = 20%
A25: 17 | B25: Lợi nhuận sau thuế | D25: =D16-D24 -> 0 | E25: =E16-E24 -> 0 | F25: =F16-F24 -> 0 | G25: =G16-G24 -> 0 | H25: =SUM(D25:G25) -> 0 | I25: Thuế TNDN = Thu nhập tính thuế x Thuế suất
A26: Các kết quả báo cáo nhanh về nghĩa vụ ngân sách
A27: 1 | B27: Thuế TNDN phải nộp (Hoặc tạm tính) | D27: =D24 -> 0 | E27: =E24 -> 0 | F27: =F24 -> 0 | G27: =G24 -> 0 | H27: =SUM(D27:G27) -> 0
A28: 2 | B28: Thuế GTGT bán ra | C28: 3331 | H28: =SUM(D28:G28) -> 0
A29: 3 | B29: Thuế TNCN phải nộp từ tiền lương, tiền công | H29: =SUM(D29:G29) -> 0
A30: 4 | B30: Thuế VAT đã khấu trừ | C30: 133 | H30: =SUM(D30:G30) -> 0 | I30: Nợ TK 133
A31: 5 | B31: Thuế VAT tạm nộp | C31: 3331 | H31: =SUM(D31:G31) -> 0 | I31: Có TK 3331
A32: 6 | B32: Thuế VAT còn phải nộp | C32: 133 | D32: =D28+D30 -> 0 | E32: =E28+E30 -> 0 | F32: =F28+F30 -> 0 | G32: =G28+G30 -> 0 | H32: =SUM(D32:G32) -> 0 | I32: Số dư cuối kỳ TK 3331
A33: 7 | B33: Các khoản bảo hiểm phải nộp | D33: =SUM(D34:D36) -> 0 | E33: =SUM(E34:E36) -> 0 | F33: =SUM(F34:F36) -> 0 | G33: =SUM(G34:G36) -> 0 | H33: =SUM(D33:G33) -> 0
B34: Bảo hiểm xã hội | C34: 3383 | I34: Có TK 3383
B35: Bảo hiểm y tế | C35: 3384 | I35: Có TK 3384
B36: Bảo hiểm thất nghiệp | C36: 3386 | I36: Có TK 3386
B40: Hệ thống tự động cảnh báo:
B42: Điều kiện | C42: Mức độ
B43: Chi phí không được trừ > 5% doanh thu | C43: Vàng
B44: Chi phí không được trừ > 10% doanh thu | C44: Đỏ
B45: VAT âm liên tục 3 kỳ | C45: Vàng
B46: Chưa nộp TNDN tạm tính | C46: Đỏ
B47: Hồ sơ chờ bổ sung quá hạn | C47: Đỏ

Sheet Tổng quan
B1: TÀI CHÍNH | D1: NHÂN SỰ | F1: KINH DOANH | H1: ĐIỀU HÀNH | J1: 6 tháng đầu năm
A2: Tổng quan | C2: Kết quả kinh doanh | E2: Công nợ | G2: Dòng tiền | I2: Thuế | J2: Chỉ số tài chính
A3: KẾT QUẢ KINH DOANH | F3: DÒNG TIỀN
A29: Tỷ trọng doanh thu | C29: Tỷ trọng chi phí | E29: Tỷ trọng lợi nhuận | G29: Tỷ trong tiền thu | I29: Tỷ trọng tiền chi
E30: (Tỷ trọng lợi nhuận đến từ nhóm sản phẩm nào)
E38: Sản phẩm A | F38: Sản phẩm B | G38: Thu từ bán hàng | H38: Thu từ hoàn ứng | I38: Chi tạm ứng | J38: Chi tiền lương
A39: CÔNG NỢ | F39: CÂN ĐỐI TÀI CHÍNH
A40: BIỀU ĐỒ 1 | F40: TÀI SẢN | H40: NGUỒN VỐN
A41: Biều đồ đường line theo thời gian chọn | F41: TÀI SẢN NGẮN HẠN | H41: NỢ PHẢI TRẢ
A42: Đường 1: Tổng nợ phải thu
A43: Đường 2: Tổng nợ phải trả
A44: Trục hoành: Thời gian
A45: Trục tung : Mốc giá trị | F45: TÀI SẢN DÀI HẠN | H45: VỐN CHỦ SỞ HỮU
A46: Các mốc thời gian đều có giá trị tiền | H46: 0.9
A47: Mục đích so sánh nợ phải thu với nợ phải trả theo thời điểm
F49: TỔNG GIÁ TRỊ
A51: TÌNH HÌNH THỰC HIỆN NGHĨA VỤ CHÍNH SÁCH
A52: TT | B52: CHỈ TIÊU | F52: Quý 1 | G52: Quý 2 | H52: Quý 3 | I52: Quý 4 | J52: Lũy kế
A53: THUẾ TNDN
A54: 1 | B54: Doanh thu thuần bán hàng | J54: =SUM(F54:I54) -> 0
A55: 2 | B55: Giá vốn hàng bán của hàng hóa dịch vụ | J55: =SUM(F55:I55) -> 0
A56: 46024 | B56: Chi phí bán hàng | J56: =SUM(F56:I56) -> 0
A57: 46055 | B57: Chi phí quản lý doanh nghiệp | J57: =SUM(F57:I57) -> 0
A58: 46083 | B58: Chi phí khác | J58: =SUM(F58:I58) -> 0
A59: 3 | B59: Tổng chi phí ghi nhận theo phát sinh | F59: =SUM(F55:F58) -> 0 | G59: =SUM(G55:G58) -> 0 | H59: =SUM(H55:H58) -> 0 | I59: =SUM(I55:I58) -> 0 | J59: =SUM(F59:I59) -> 0
A60: 4 | B60: Lợi nhuận kế toán trước thuế | J60: =SUM(F60:I60) -> 0
A61: 5 | B61: Các khoản chi phí không được trừ, vượt định mức | J61: =SUM(F61:I61) -> 0
A62: 6 | B62: Thu nhập tính thuế TNDN | J62: =SUM(F62:I62) -> 0
A63: 7 | B63: Chi phí thuế TNDN hiện hành phải nộp | J63: =SUM(F63:I63) -> 0
A64: 8 | B64: Lợi nhuận sau thuế | J64: =SUM(F64:I64) -> 0
A65: THUẾ GTGT
A66: 1 | B66: Thuế GTGT còn được khấu trừ kỳ trước chuyển sang | J66: =SUM(F66:I66) -> 0
A67: 2 | B67: Thuế GTGT bán ra | J67: =SUM(F67:I67) -> 0
A68: 3 | B68: Thuế GTGT đã khấu trừ | J68: =SUM(F68:I68) -> 0
A69: 4 | B69: Thuế GTGT còn phải nộp | F69: =F67+F68 -> 0 | G69: =G67+G68 -> 0 | H69: =H67+H68 -> 0 | I69: =I67+I68 -> 0 | J69: =SUM(F69:I69) -> 0
A70: THUẾ TNCN
A71: 1 | B71: Thuế TNCN phải nộp từ tiền lương, tiền công | J71: =SUM(F71:I71) -> 0
A72: BHXH
A73: 1 | B73: Các khoản bảo hiểm phải nộp | J73: =SUM(F73:I73) -> 0

Sheet Kiểm soát hồ sơ và hạch toán
A17: Khi chọn vào cột biên tập hồ sơ ô chứng từ nào thì hiển thị danh sách hồ sơ chứng từ này để đánh dấu vào
A18: Kiểm soát kiểm tra chứng từ theo danh mục và điền ý kiến phê duyệt tại chứng từ đó

Sheet Trang tính56
G1: Tại vị trí xem bút toán hiển thị luôn chứng từ và lựa chọn giao diện xem và chọn in ngay tại giao diện phiếu
G2: Không cần danh mục chứng từ trên hệ thống

Sheet Đối chiếu chứng từ

Sheet Tổng hợp bán hàng
D2: TỔNG HỢP BÁN HÀNG
C3: (1) Sản phẩm: ………………………….
C4: (2) Khách hàng: ………………………… | E4: =CDPS!K4
A5: Mã khách hàng | B5: Tên khách hàng | C5: Doanh số | D5: Chiết khấu | E5: Thuế VAT | F5: Tổng thanh toán
B13: Người ghi sổ | D13: Kế toán trưởng
B14: (Ký, họ tên) | D14: (Ký, họ tên)

Sheet Hệ thống
A1: LOGO | E1: NHẬT KÝ | F1: BÁO CÁO& BÁN HÀNG | G1: KHO& MUA HÀNG | H1: LƯƠNG | I1: HỆ THỐNG | J1: Chat | K1: Cài đặt | L1: Thông báo | M1: Tên tài khoản
E2: GIAI ĐOẠN 1 | F2: GIAI ĐOẠN 2 | G2: GIAI ĐOẠN 3 | H2: GIAI ĐOẠN 4 | I2: GIAI ĐOẠN 5
E3: Thg12-25 | F3: Thg1-26 | G3: Thg2-26 | H3: Thg3-26 | I3: Thg4-26
A4: ĐIỀU HÀNH
A5: 5 | B5: Tổng quan | G5: FALSE
C6: Tình hình tài chính | F6: FALSE
D7: Cân đối tài chính | F7: FALSE
C8: Kết quả kinh doanh | F8: FALSE
C12: Dòng tiền | F12: FALSE
C13: Công nợ | F13: FALSE
A14: 4 | B14: Phân tích
C15: Báo cáo tài chính | F15: FALSE
C16: Bán hàng | F16: FALSE
C17: Mua hàng | G17: FALSE
C18: Công nợ | F18: FALSE
C19: Dòng tiền | F19: FALSE
C20: Tồn kho | G20: FALSE
C21: Khả năng thanh khoản | I21: FALSE
A22: KẾ TOÁN
A23: 3 | B23: Báo cáo
C24: Báo cáo tài chính | E24: TRUE
D25: Bảng cân đối kế toán | E25: TRUE
D26: Kết quả kinh doanh | E26: TRUE
D27: Bảng cân đối tài khoản | E27: TRUE
D28: Lưu chuyển tiền tệ | I28: FALSE
D29: Thuyết minh | I29: FALSE
C30: Sổ chi tiết tài khoản | E30: TRUE
C31: Sổ chi tiết công nợ | E31: TRUE
C32: Sổ chi tiết phát sinh
D33: Sổ chi tiết mua hàng | F33: FALSE | G33: FALSE
D34: Sổ chi tiết bán hàng | F34: FALSE
D35: Sổ quỹ | E35: TRUE
D36: Sổ chi tiết nhập kho | G36: FALSE
D37: Sổ chi tiết xuất kho | G37: FALSE
D38: Sổ chi tiết tiền lương | H38: FALSE
D39: Sổ chi tiết tài sản | G39: FALSE
C40: Bảng tổng hợp
D41: Tổng hợp công nợ | E41: TRUE
D42: Tổng hợp bán hàng | E42: FALSE
D43: Tổng hợp mua hàng | G43: FALSE
D44: Báo cáo nhập xuất tồn | G44: FALSE
D45: Tổng hợp xuất kho | G45: FALSE
A47: 2 | B47: Trung tâm dữ liệu
C48: Kế hoạch | F48: FALSE | H48: FALSE
C49: Dự báo | F49: FALSE | H49: FALSE
C50: Dữ liệu tổng hợp | E50: TRUE
C51: Quản lý Tài sản
C52: Quản lý Hàng hóa | G52: FALSE
C53: Quản lý Nguyên liệu | G53: FALSE
C54: Quản lý Dụng cụ | G54: FALSE
C55: Quản lý Hợp đồng | F55: FALSE
C56: Quản lý nhân sự | H56: FALSE
C57: Lương & BHXH | H57: FALSE
A58: 1 | B58: Chứng từ
C59: Phiếu thu | F59: FALSE | H59: FALSE
C60: Phiếu chi | F60: FALSE | H60: FALSE
C61: Phiếu nhập | H61: FALSE
C62: Phiếu xuất | H62: FALSE
C63: Phiếu lương | H63: FALSE
C64: Bảng tính lương | H64: FALSE
C65: Bảng chấm công | H65: FALSE
C66: Bảng chấm công làm thêm giờ | H66: FALSE
C67: Bảng phân bổ khấu hao TSCĐ | H67: FALSE
C68: Phiếu kế toán | H68: FALSE
C69: Đề nghị thanh toán | H69: FALSE
A70: THƯ VIỆN
B71: Danh mục
C72: Tài khoản | E72: TRUE
D73: Tài khoản kế toán | E73: TRUE
D74: Tài khoản ngân hàng | E74: TRUE
C75: Đối tượng | E75: TRUE
D76: Khách hàng | E76: TRUE
D77: Nhà cung cấp | E77: TRUE
D78: Nhân viên | E78: TRUE
D79: Chủ đầu tư | E79: TRUE
C80: Dự án | E80: TRUE
C81: Sản phẩm | E81: TRUE
C82: Hợp đồng | F82: FALSE
C83: Bộ phận | E83: TRUE
C84: Khoản mục | E84: TRUE
C85: Kho | G85: FALSE
C86: Khác | G86: FALSE
B87: Quy trình | I87: FALSE
I88: FALSE
I89: FALSE
I90: FALSE
I91: FALSE
I92: FALSE
I93: FALSE
I94: FALSE
I95: FALSE
I96: FALSE
I97: FALSE
B98: Chính sách | I98: FALSE
B99: Biểu mẫu | I99: FALSE
B100: Hướng dẫn | I100: FALSE

Sheet Sale_Plan
B1: KẾ HOẠCH DOANH SỐ BÁN HÀNG NĂM 2022 | M1: CHIA THEO QUÝ CỦA NĂM TÀI CHÍNH 2022 | Q1: Chi tiết theo cơ sở hoặc 12 tháng trong năm
D2: THỰC HIỆN ĐẾN 30/04/22 | I2: KẾ HOẠCH NĂM 2022
A3: STT | B3: Mã dự án | C3: Tên dự án | D3: Giá trị | E3: % | G3: +% | I3: Lượng | J3: Giá bình quân | K3: Giá trị | L3: Tỷ trọng (%) | M3: Q1 | N3: Q2 | O3: Q3 | P3: Q4 | Q3: 1 | R3: 2 | S3: 3 | T3: 4 | U3: 5 | V3: 6 | W3: 7 | X3: 8 | Y3: 9 | Z3: 10 | AA3: 11 | AB3: 12
B4: DOANH SỐ | D4: =SUM(D5:D24) -> 37608435 | E4: =SUM(E5:E24) -> 1.1562173 | G4: =SUM(G5:G24) -> -482391565 | H4: =(D4-(K4/12*4))/($K$5/12*4) -> -12.059789 | I4: =SUM(I5:I24) -> 1300 | K4: =SUM(K5:K24) -> 1560000000 | L4: =SUM(L5:L24) -> 1 | M4: =SUM(M5:M24) -> 0 | N4: =SUM(N5:N24) -> 520000000 | O4: =SUM(O5:O24) -> 520000000 | P4: =SUM(P5:P24) -> 520000000 | Q4: =SUM(Q5:Q24) -> 0 | R4: =SUM(R5:R24) -> 0 | ... AB4: =SUM(AB5:AB24) -> 1.7333333e+08
B5: THANHNAM | D5: =SUMIFS(AC_SOTIEN,AC_DA,$B6,AC_KM,"DOANHSO")/1000 -> 0 | E5: =IF(D5<>0,D5/SUM($D$5:$D$20),"") | G5: =D5-(K5/12*4) -> -40000000 | H5: =(D5-(K5/12*4))/($K$5/12*4) -> -1 | I5: 100 | J5: 1200000 | K5: =I5*J5 -> 120000000 | L5: =IF(K5<>0,K5/SUM(K$5:K$20),"") -> 0.076923077 | N5: =$K5/3 -> 40000000 | O5: =$K5/3 -> 40000000 | P5: =$K5/3 -> 40000000 | T5: =$K5/9 -> 13333333 | U5: =$K5/9 -> 13333333 | V5: =$K5/9 -> 13333333 | W5: =$K5/9 -> 13333333 | X5: =$K5/9 -> 13333333 | Y5: =$K5/9 -> 13333333 | Z5: =$K5/9 -> 13333333 | AA5: =$K5/9 -> 13333333 | AB5: =$K5/9 -> 13333333
B6: NAMPHONG | C6: =IF(B6="","",VLOOKUP(B6,DM_DUAN,2,0)) -> NAM PHONG | D6: =SUMIFS(AC_SOTIEN,AC_DA,$B7,AC_KM,"DOANHSO")/1000 -> 0 | E6: =IF(D6<>0,D6/SUM($D$5:$D$20),"") | G6: =D6-(K6/12*4) -> -120000000 | H6: =(D6-(K6/12*4))/($K$5/12*4) -> -3 | I6: 300 | J6: 1200000 | K6: =I6*J6 -> 360000000 | L6: =IF(K6<>0,K6/SUM(K$5:K$20),"") -> 0.23076923 | N6: =$K6/3 -> 120000000 | O6: =$K6/3 -> 120000000 | P6: =$K6/3 -> 120000000 | T6: =$K6/9 -> 40000000 | U6: =$K6/9 -> 40000000 | V6: =$K6/9 -> 40000000 | W6: =$K6/9 -> 40000000 | X6: =$K6/9 -> 40000000 | Y6: =$K6/9 -> 40000000 | Z6: =$K6/9 -> 40000000 | AA6: =$K6/9 -> 40000000 | AB6: =$K6/9 -> 40000000
B7: NAMSAIGON | D7: =SUMIFS(AC_SOTIEN,AC_DA,$B8,AC_KM,"DOANHSO")/1000 -> 0 | E7: =IF(D7<>0,D7/SUM($D$5:$D$20),"") | G7: =D7-(K7/12*4) -> -40000000 | H7: =(D7-(K7/12*4))/($K$5/12*4) -> -1 | I7: 100 | J7: 1200000 | K7: =I7*J7 -> 120000000 | L7: =IF(K7<>0,K7/SUM(K$5:K$20),"") -> 0.076923077 | N7: =$K7/3 -> 40000000 | O7: =$K7/3 -> 40000000 | P7: =$K7/3 -> 40000000 | T7: =$K7/9 -> 13333333 | U7: =$K7/9 -> 13333333 | V7: =$K7/9 -> 13333333 | W7: =$K7/9 -> 13333333 | X7: =$K7/9 -> 13333333 | Y7: =$K7/9 -> 13333333 | Z7: =$K7/9 -> 13333333 | AA7: =$K7/9 -> 13333333 | AB7: =$K7/9 -> 13333333
B8: KIMCUONGLAND | D8: =SUMIFS(AC_SOTIEN,AC_DA,$B9,AC_KM,"DOANHSO")/1000 -> 0 | E8: =IF(D8<>0,D8/SUM($D$5:$D$20),"") | G8: =D8-(K8/12*4) -> 0 | H8: =(D8-(K8/12*4))/($K$5/12*4) -> 0 | J8: 1200000 | K8: =I8*J8 -> 0 | L8: =IF(K8<>0,K8/SUM(K$5:K$20),"") | N8: =$K8/3 -> 0 | O8: =$K8/3 -> 0 | P8: =$K8/3 -> 0 | T8: =$K8/9 -> 0 | U8: =$K8/9 -> 0 | V8: =$K8/9 -> 0 | W8: =$K8/9 -> 0 | X8: =$K8/9 -> 0 | Y8: =$K8/9 -> 0 | Z8: =$K8/9 -> 0 | AA8: =$K8/9 -> 0 | AB8: =$K8/9 -> 0
B9: KHANGVUONG | C9: =IF(B9="","",VLOOKUP(B9,DM_DUAN,2,0)) -> KHANG VƯỢNG | D9: =SUMIFS(AC_SOTIEN,AC_DA,$B10,AC_KM,"DOANHSO")/1000 -> 0 | E9: =IF(D9<>0,D9/SUM($D$5:$D$20),"") | G9: =D9-(K9/12*4) -> -20000000 | H9: =(D9-(K9/12*4))/($K$5/12*4) -> -0.5 | I9: 50 | J9: 1200000 | K9: =I9*J9 -> 60000000 | L9: =IF(K9<>0,K9/SUM(K$5:K$20),"") -> 0.038461538 | N9: =$K9/3 -> 20000000 | O9: =$K9/3 -> 20000000 | P9: =$K9/3 -> 20000000 | T9: =$K9/9 -> 6666666.7 | U9: =$K9/9 -> 6666666.7 | V9: =$K9/9 -> 6666666.7 | W9: =$K9/9 -> 6666666.7 | X9: =$K9/9 -> 6666666.7 | Y9: =$K9/9 -> 6666666.7 | Z9: =$K9/9 -> 6666666.7 | AA9: =$K9/9 -> 6666666.7 | AB9: =$K9/9 -> 6666666.7
B10: PHUGIATHINH | D10: =SUMIFS(AC_SOTIEN,AC_DA,$B11,AC_KM,"DOANHSO")/1000 -> 0 | E10: =IF(D10<>0,D10/SUM($D$5:$D$20),"") | G10: =D10-(K10/12*4) -> -20000000 | H10: =(D10-(K10/12*4))/($K$5/12*4) -> -0.5 | I10: 50 | J10: 1200000 | K10: =I10*J10 -> 60000000 | L10: =IF(K10<>0,K10/SUM(K$5:K$20),"") -> 0.038461538 | N10: =$K10/3 -> 20000000 | O10: =$K10/3 -> 20000000 | P10: =$K10/3 -> 20000000 | T10: =$K10/9 -> 6666666.7 | U10: =$K10/9 -> 6666666.7 | V10: =$K10/9 -> 6666666.7 | W10: =$K10/9 -> 6666666.7 | X10: =$K10/9 -> 6666666.7 | Y10: =$K10/9 -> 6666666.7 | Z10: =$K10/9 -> 6666666.7 | AA10: =$K10/9 -> 6666666.7 | AB10: =$K10/9 -> 6666666.7
B11: TRANANH | C11: =IF(B11="","",VLOOKUP(B11,DM_DUAN,2,0)) -> TRẦN ANH GROUP | D11: =SUMIFS(AC_SOTIEN,AC_DA,$B12,AC_KM,"DOANHSO")/1000 -> 0 | E11: =IF(D11<>0,D11/SUM($D$5:$D$20),"") | G11: =D11-(K11/12*4) -> -40000000 | H11: =(D11-(K11/12*4))/($K$5/12*4) -> -1 | I11: 100 | J11: 1200000 | K11: =I11*J11 -> 120000000 | L11: =IF(K11<>0,K11/SUM(K$5:K$20),"") -> 0.076923077 | N11: =$K11/3 -> 40000000 | O11: =$K11/3 -> 40000000 | P11: =$K11/3 -> 40000000 | T11: =$K11/9 -> 13333333 | U11: =$K11/9 -> 13333333 | V11: =$K11/9 -> 13333333 | W11: =$K11/9 -> 13333333 | X11: =$K11/9 -> 13333333 | Y11: =$K11/9 -> 13333333 | Z11: =$K11/9 -> 13333333 | AA11: =$K11/9 -> 13333333 | AB11: =$K11/9 -> 13333333
B12: PHITRUONG | C12: =IF(B12="","",VLOOKUP(B12,DM_DUAN,2,0)) -> PHI TRƯỜNG | D12: =SUMIFS(AC_SOTIEN,AC_DA,$B13,AC_KM,"DOANHSO")/1000 -> 0 | E12: =IF(D12<>0,D12/SUM($D$5:$D$20),"") | G12: =D12-(K12/12*4) -> -160000000 | H12: =(D12-(K12/12*4))/($K$5/12*4) -> -4 | I12: 400 | J12: 1200000 | K12: =I12*J12 -> 480000000 | L12: =IF(K12<>0,K12/SUM(K$5:K$20),"") -> 0.30769231 | N12: =$K12/3 -> 160000000 | O12: =$K12/3 -> 160000000 | P12: =$K12/3 -> 160000000 | T12: =$K12/9 -> 53333333 | U12: =$K12/9 -> 53333333 | V12: =$K12/9 -> 53333333 | W12: =$K12/9 -> 53333333 | X12: =$K12/9 -> 53333333 | Y12: =$K12/9 -> 53333333 | Z12: =$K12/9 -> 53333333 | AA12: =$K12/9 -> 53333333 | AB12: =$K12/9 -> 53333333
B13: HOANGCAT | C13: =IF(B13="","",VLOOKUP(B13,DM_DUAN,2,0)) -> HOÀNG CÁT | D13: =SUMIFS(AC_SOTIEN,AC_DA,$B14,AC_KM,"DOANHSO")/1000 -> 0 | E13: =IF(D13<>0,D13/SUM($D$5:$D$20),"") | G13: =D13-(K13/12*4) -> -80000000 | H13: =(D13-(K13/12*4))/($K$5/12*4) -> -2 | I13: 200 | J13: 1200000 | K13: =I13*J13 -> 240000000 | L13: =IF(K13<>0,K13/SUM(K$5:K$20),"") -> 0.15384615 | N13: =$K13/3 -> 80000000 | O13: =$K13/3 -> 80000000 | P13: =$K13/3 -> 80000000 | T13: =$K13/9 -> 26666667 | U13: =$K13/9 -> 26666667 | V13: =$K13/9 -> 26666667 | W13: =$K13/9 -> 26666667 | X13: =$K13/9 -> 26666667 | Y13: =$K13/9 -> 26666667 | Z13: =$K13/9 -> 26666667 | AA13: =$K13/9 -> 26666667 | AB13: =$K13/9 -> 26666667
B14: PHUOCDONG | C14: =IF(B14="","",VLOOKUP(B14,DM_DUAN,2,0)) -> Phước Đông Garden | D14: =SUMIFS(AC_SOTIEN,AC_DA,$B15,AC_KM,"DOANHSO")/1000 -> 0 | E14: =IF(D14<>0,D14/SUM($D$5:$D$20),"") | G14: =D14-(K14/12*4) -> 0 | H14: =(D14-(K14/12*4))/($K$5/12*4) -> 0 | K14: =I14*J14 -> 0 | L14: =IF(K14<>0,K14/SUM(K$5:K$20),"")
B15: HAMILTON | C15: =IF(B15="","",VLOOKUP(B15,DM_DUAN,2,0)) -> Hamil ton Garden | D15: =SUMIFS(AC_SOTIEN,AC_DA,$B16,AC_KM,"DOANHSO")/1000 -> 0 | E15: =IF(D15<>0,D15/SUM($D$5:$D$20),"") | G15: =D15-(K15/12*4) -> 0 | H15: =(D15-(K15/12*4))/($K$5/12*4) -> 0 | K15: =I15*J15 -> 0 | L15: =IF(K15<>0,K15/SUM(K$5:K$20),"")
B16: THESOLCITY | C16: =IF(B16="","",VLOOKUP(B16,DM_DUAN,2,0)) -> The sol city | D16: =SUMIFS(AC_SOTIEN,AC_DA,$B17,AC_KM,"DOANHSO")/1000 -> 8438145 | E16: =IF(D16<>0,D16/SUM($D$5:$D$20),"") -> 0.25941864 | G16: =D16-(K16/12*4) -> 8438145 | H16: =(D16-(K16/12*4))/($K$5/12*4) -> 0.21095363 | K16: =I16*J16 -> 0 | L16: =IF(K16<>0,K16/SUM(K$5:K$20),"")
B17: PHUOCHOI | C17: =IF(B17="","",VLOOKUP(B17,DM_DUAN,2,0)) -> Phước hội Hồ Tràm | D17: =SUMIFS(AC_SOTIEN,AC_DA,$B18,AC_KM,"DOANHSO")/1000 -> 7885000 | E17: =IF(D17<>0,D17/SUM($D$5:$D$20),"") -> 0.24241299 | G17: =D17-(K17/12*4) -> 7885000 | H17: =(D17-(K17/12*4))/($K$5/12*4) -> 0.197125 | K17: =I17*J17 -> 0 | L17: =IF(K17<>0,K17/SUM(K$5:K$20),"")
B18: PHUOCVINH | C18: =IF(B18="","",VLOOKUP(B18,DM_DUAN,2,0)) -> Sản phẩm Phước Vinh | D18: =SUMIFS(AC_SOTIEN,AC_DA,$B19,AC_KM,"DOANHSO")/1000 -> 13959990 | E18: =IF(D18<>0,D18/SUM($D$5:$D$20),"") -> 0.42917982 | G18: =D18-(K18/12*4) -> 13959990 | H18: =(D18-(K18/12*4))/($K$5/12*4) -> 0.34899975 | K18: =I18*J18 -> 0 | L18: =IF(K18<>0,K18/SUM(K$5:K$20),"")
B19: DATDO | C19: =IF(B19="","",VLOOKUP(B19,DM_DUAN,2,0)) -> Nhà vườn sinh thái | D19: =SUMIFS(AC_SOTIEN,AC_DA,$B20,AC_KM,"DOANHSO")/1000 -> 0 | E19: =IF(D19<>0,D19/SUM($D$5:$D$20),"") | G19: =D19-(K19/12*4) -> 0 | H19: =(D19-(K19/12*4))/($K$5/12*4) -> 0 | K19: =I19*J19 -> 0 | L19: =IF(K19<>0,K19/SUM(K$5:K$20),"")
B20: LONGKHANH2 | C20: =IF(B20="","",VLOOKUP(B20,DM_DUAN,2,0)) -> Sản phẩm Long Khánh 2 | D20: =SUMIFS(AC_SOTIEN,AC_DA,$B21,AC_KM,"DOANHSO")/1000 -> 2244000 | E20: =IF(D20<>0,D20/SUM($D$5:$D$20),"") -> 0.068988554 | G20: =D20-(K20/12*4) -> 2244000 | H20: =(D20-(K20/12*4))/($K$5/12*4) -> 0.0561 | K20: =I20*J20 -> 0 | L20: =IF(K20<>0,K20/SUM(K$5:K$20),"")
B21: LONGKHANH3 | C21: =IF(B21="","",VLOOKUP(B21,DM_DUAN,2,0)) -> Sản phẩm Long Khánh 3 | D21: =SUMIFS(AC_SOTIEN,AC_DA,$B22,AC_KM,"DOANHSO")/1000 -> 5081300 | E21: =IF(D21<>0,D21/SUM($D$5:$D$20),"") -> 0.15621726 | G21: =D21-(K21/12*4) -> 5081300 | H21: =(D21-(K21/12*4))/($K$5/12*4) -> 0.1270325 | K21: =I21*J21 -> 0 | L21: =IF(K21<>0,K21/SUM(K$5:K$20),"")
B22: LOCNGAI | C22: =IF(B22="","",VLOOKUP(B22,DM_DUAN,2,0)) -> KDC Lộc Ngãi | D22: =SUMIFS(AC_SOTIEN,AC_DA,$B23,AC_KM,"DOANHSO")/1000 -> 0 | E22: =IF(D22<>0,D22/SUM($D$5:$D$20),"") | G22: =D22-(K22/12*4) -> 0 | H22: =(D22-(K22/12*4))/($K$5/12*4) -> 0 | K22: =I22*J22 -> 0 | L22: =IF(K22<>0,K22/SUM(K$5:K$20),"")
D23: =SUMIFS(AC_SOTIEN,AC_DA,$B24,AC_KM,"DOANHSO")/1000 -> 0 | E23: =IF(D23<>0,D23/SUM($D$5:$D$20),"") | G23: =D23-(K23/12*4) -> 0 | H23: =(D23-(K23/12*4))/($K$5/12*4) -> 0 | K23: =I23*J23 -> 0 | L23: =IF(K23<>0,K23/SUM(K$5:K$20),"")
D24: =SUMIFS(AC_SOTIEN,AC_DA,$B25,AC_KM,"DOANHSO")/1000 -> 0 | E24: =IF(D24<>0,D24/SUM($D$5:$D$20),"") | G24: =D24-(K24/12*4) -> 0 | H24: =(D24-(K24/12*4))/($K$5/12*4) -> 0 | K24: =I24*J24 -> 0 | L24: =IF(K24<>0,K24/SUM(K$5:K$20),"")
B25: DOANH THU - HOA HỒNG | D25: =SUM(D26:D45) -> 4344612 | E25: =SUM(E26:E45) -> 1 | F25: =D25/D4 -> 0.11552228 | G25: =SUM(G26:G45) -> -58055388 | H25: =(D25-(K25/12*4))/($K$5/12*4) -> -1.4513847 | K25: =SUM(K26:K45) -> 187200000 | L25: =SUM(L26:L45) -> 1
B26: THANHNAM | D26: =SUMIFS(AC_SOTIEN,AC_DA,$B27,AC_KM,"DOANHTHU")/1000 -> 0 | E26: =IF(D26<>0,D26/D$25,"") | F26: =IF(D26<>0,D26/SUMIF($B$5:$B$24,$B26,D$5:D$24),"") | G26: =D26-(K26/12*4) -> -4800000 | H26: =(D26-(K26/12*4))/($K$5/12*4) -> -0.12 | K26: =SUMIF($B$5:$B$24,$B26,K$5:K$24)*12% -> 14400000 | L26: =IF(K26<>0,K26/SUM(K$26:K$45),"") -> 0.076923077
B27: NAMPHONG | C27: =IF(B27="","",VLOOKUP(B27,DM_DUAN,2,0)) -> NAM PHONG | D27: =SUMIFS(AC_SOTIEN,AC_DA,$B28,AC_KM,"DOANHTHU")/1000 -> 0 | E27: =IF(D27<>0,D27/D$25,"") | F27: =IF(D27<>0,D27/SUMIF($B$5:$B$24,$B27,D$5:D$24),"") | G27: =D27-(K27/12*4) -> -14400000 | H27: =(D27-(K27/12*4))/($K$5/12*4) -> -0.36 | K27: =SUMIF($B$5:$B$24,$B27,K$5:K$24)*12% -> 43200000 | L27: =IF(K27<>0,K27/SUM(K$26:K$45),"") -> 0.23076923
B28: NAMSAIGON | D28: =SUMIFS(AC_SOTIEN,AC_DA,$B29,AC_KM,"DOANHTHU")/1000 -> 0 | E28: =IF(D28<>0,D28/D$25,"") | F28: =IF(D28<>0,D28/SUMIF($B$5:$B$24,$B28,D$5:D$24),"") | G28: =D28-(K28/12*4) -> -4800000 | H28: =(D28-(K28/12*4))/($K$5/12*4) -> -0.12 | K28: =SUMIF($B$5:$B$24,$B28,K$5:K$24)*12% -> 14400000 | L28: =IF(K28<>0,K28/SUM(K$26:K$45),"") -> 0.076923077
B29: KIMCUONGLAND | D29: =SUMIFS(AC_SOTIEN,AC_DA,$B30,AC_KM,"DOANHTHU")/1000 -> 0 | E29: =IF(D29<>0,D29/D$25,"") | F29: =IF(D29<>0,D29/SUMIF($B$5:$B$24,$B29,D$5:D$24),"") | G29: =D29-(K29/12*4) -> 0 | H29: =(D29-(K29/12*4))/($K$5/12*4) -> 0 | K29: =SUMIF($B$5:$B$24,$B29,K$5:K$24)*12% -> 0 | L29: =IF(K29<>0,K29/SUM(K$26:K$45),"")
B30: KHANGVUONG | C30: =IF(B30="","",VLOOKUP(B30,DM_DUAN,2,0)) -> KHANG VƯỢNG | D30: =SUMIFS(AC_SOTIEN,AC_DA,$B31,AC_KM,"DOANHTHU")/1000 -> 0 | E30: =IF(D30<>0,D30/D$25,"") | F30: =IF(D30<>0,D30/SUMIF($B$5:$B$24,$B30,D$5:D$24),"") | G30: =D30-(K30/12*4) -> -2400000 | H30: =(D30-(K30/12*4))/($K$5/12*4) -> -0.06 | K30: =SUMIF($B$5:$B$24,$B30,K$5:K$24)*12% -> 7200000 | L30: =IF(K30<>0,K30/SUM(K$26:K$45),"") -> 0.038461538
B31: PHUGIATHINH | D31: =SUMIFS(AC_SOTIEN,AC_DA,$B32,AC_KM,"DOANHTHU")/1000 -> 0 | E31: =IF(D31<>0,D31/D$25,"") | F31: =IF(D31<>0,D31/SUMIF($B$5:$B$24,$B31,D$5:D$24),"") | G31: =D31-(K31/12*4) -> -2400000 | H31: =(D31-(K31/12*4))/($K$5/12*4) -> -0.06 | K31: =SUMIF($B$5:$B$24,$B31,K$5:K$24)*12% -> 7200000 | L31: =IF(K31<>0,K31/SUM(K$26:K$45),"") -> 0.038461538
B32: TRANANH | C32: =IF(B32="","",VLOOKUP(B32,DM_DUAN,2,0)) -> TRẦN ANH GROUP | D32: =SUMIFS(AC_SOTIEN,AC_DA,$B33,AC_KM,"DOANHTHU")/1000 -> 0 | E32: =IF(D32<>0,D32/D$25,"") | F32: =IF(D32<>0,D32/SUMIF($B$5:$B$24,$B32,D$5:D$24),"") | G32: =D32-(K32/12*4) -> -4800000 | H32: =(D32-(K32/12*4))/($K$5/12*4) -> -0.12 | K32: =SUMIF($B$5:$B$24,$B32,K$5:K$24)*12% -> 14400000 | L32: =IF(K32<>0,K32/SUM(K$26:K$45),"") -> 0.076923077
B33: PHITRUONG | C33: =IF(B33="","",VLOOKUP(B33,DM_DUAN,2,0)) -> PHI TRƯỜNG | D33: =SUMIFS(AC_SOTIEN,AC_DA,$B34,AC_KM,"DOANHTHU")/1000 -> 0 | E33: =IF(D33<>0,D33/D$25,"") | F33: =IF(D33<>0,D33/SUMIF($B$5:$B$24,$B33,D$5:D$24),"") | G33: =D33-(K33/12*4) -> -19200000 | H33: =(D33-(K33/12*4))/($K$5/12*4) -> -0.48 | K33: =SUMIF($B$5:$B$24,$B33,K$5:K$24)*12% -> 57600000 | L33: =IF(K33<>0,K33/SUM(K$26:K$45),"") -> 0.30769231
B34: HOANGCAT | C34: =IF(B34="","",VLOOKUP(B34,DM_DUAN,2,0)) -> HOÀNG CÁT | D34: =SUMIFS(AC_SOTIEN,AC_DA,$B35,AC_KM,"DOANHTHU")/1000 -> 0 | E34: =IF(D34<>0,D34/D$25,"") | F34: =IF(D34<>0,D34/SUMIF($B$5:$B$24,$B34,D$5:D$24),"") | G34: =D34-(K34/12*4) -> -9600000 | H34: =(D34-(K34/12*4))/($K$5/12*4) -> -0.24 | K34: =SUMIF($B$5:$B$24,$B34,K$5:K$24)*12% -> 28800000 | L34: =IF(K34<>0,K34/SUM(K$26:K$45),"") -> 0.15384615
B35: PHUOCDONG | C35: =IF(B35="","",VLOOKUP(B35,DM_DUAN,2,0)) -> Phước Đông Garden | D35: =SUMIFS(AC_SOTIEN,AC_DA,$B36,AC_KM,"DOANHTHU")/1000 -> 0 | E35: =IF(D35<>0,D35/D$25,"") | F35: =IF(D35<>0,D35/SUMIF($B$5:$B$24,$B35,D$5:D$24),"") | G35: =D35-(K35/12*4) -> 0 | H35: =(D35-(K35/12*4))/($K$5/12*4) -> 0 | K35: =SUMIF($B$5:$B$24,$B35,K$5:K$24)*12% -> 0 | L35: =IF(K35<>0,K35/SUM(K$26:K$45),"")
B36: HAMILTON | C36: =IF(B36="","",VLOOKUP(B36,DM_DUAN,2,0)) -> Hamil ton Garden | D36: =SUMIFS(AC_SOTIEN,AC_DA,$B37,AC_KM,"DOANHTHU")/1000 -> 0 | E36: =IF(D36<>0,D36/D$25,"") | F36: =IF(D36<>0,D36/SUMIF($B$5:$B$24,$B36,D$5:D$24),"") | G36: =D36-(K36/12*4) -> 0 | H36: =(D36-(K36/12*4))/($K$5/12*4) -> 0 | K36: =SUMIF($B$5:$B$24,$B36,K$5:K$24)*12% -> 0 | L36: =IF(K36<>0,K36/SUM(K$26:K$45),"")
B37: THESOLCITY | C37: =IF(B37="","",VLOOKUP(B37,DM_DUAN,2,0)) -> The sol city | D37: =SUMIFS(AC_SOTIEN,AC_DA,$B38,AC_KM,"DOANHTHU")/1000 -> 670000 | E37: =IF(D37<>0,D37/D$25,"") -> 0.154214 | F37: =IF(D37<>0,D37/SUMIF($B$5:$B$24,$B37,D$5:D$24),"") -> 0.079401338 | G37: =D37-(K37/12*4) -> 670000 | H37: =(D37-(K37/12*4))/($K$5/12*4) -> 0.01675 | K37: =SUMIF($B$5:$B$24,$B37,K$5:K$24)*12% -> 0 | L37: =IF(K37<>0,K37/SUM(K$26:K$45),"")
B38: PHUOCHOI | C38: =IF(B38="","",VLOOKUP(B38,DM_DUAN,2,0)) -> Phước hội Hồ Tràm | D38: =SUMIFS(AC_SOTIEN,AC_DA,$B39,AC_KM,"DOANHTHU")/1000 -> 1559000 | E38: =IF(D38<>0,D38/D$25,"") -> 0.35883527 | F38: =IF(D38<>0,D38/SUMIF($B$5:$B$24,$B38,D$5:D$24),"") -> 0.19771718 | G38: =D38-(K38/12*4) -> 1559000 | H38: =(D38-(K38/12*4))/($K$5/12*4) -> 0.038975 | K38: =SUMIF($B$5:$B$24,$B38,K$5:K$24)*12% -> 0 | L38: =IF(K38<>0,K38/SUM(K$26:K$45),"")
B39: PHUOCVINH | C39: =IF(B39="","",VLOOKUP(B39,DM_DUAN,2,0)) -> Sản phẩm Phước Vinh | D39: =SUMIFS(AC_SOTIEN,AC_DA,$B40,AC_KM,"DOANHTHU")/1000 -> 1195000 | E39: =IF(D39<>0,D39/D$25,"") -> 0.27505333 | F39: =IF(D39<>0,D39/SUMIF($B$5:$B$24,$B39,D$5:D$24),"") -> 0.085601781 | G39: =D39-(K39/12*4) -> 1195000 | H39: =(D39-(K39/12*4))/($K$5/12*4) -> 0.029875 | K39: =SUMIF($B$5:$B$24,$B39,K$5:K$24)*12% -> 0 | L39: =IF(K39<>0,K39/SUM(K$26:K$45),"")
B40: DATDO | C40: =IF(B40="","",VLOOKUP(B40,DM_DUAN,2,0)) -> Nhà vườn sinh thái | D40: =SUMIFS(AC_SOTIEN,AC_DA,$B41,AC_KM,"DOANHTHU")/1000 -> 0 | E40: =IF(D40<>0,D40/D$25,"") | F40: =IF(D40<>0,D40/SUMIF($B$5:$B$24,$B40,D$5:D$24),"") | G40: =D40-(K40/12*4) -> 0 | H40: =(D40-(K40/12*4))/($K$5/12*4) -> 0 | K40: =SUMIF($B$5:$B$24,$B40,K$5:K$24)*12% -> 0 | L40: =IF(K40<>0,K40/SUM(K$26:K$45),"")
B41: LONGKHANH2 | C41: =IF(B41="","",VLOOKUP(B41,DM_DUAN,2,0)) -> Sản phẩm Long Khánh 2 | D41: =SUMIFS(AC_SOTIEN,AC_DA,$B42,AC_KM,"DOANHTHU")/1000 -> 365040 | E41: =IF(D41<>0,D41/D$25,"") -> 0.084021312 | F41: =IF(D41<>0,D41/SUMIF($B$5:$B$24,$B41,D$5:D$24),"") -> 0.1626738 | G41: =D41-(K41/12*4) -> 365040 | H41: =(D41-(K41/12*4))/($K$5/12*4) -> 0.009126 | K41: =SUMIF($B$5:$B$24,$B41,K$5:K$24)*12% -> 0 | L41: =IF(K41<>0,K41/SUM(K$26:K$45),"")
B42: LONGKHANH3 | C42: =IF(B42="","",VLOOKUP(B42,DM_DUAN,2,0)) -> Sản phẩm Long Khánh 3 | D42: =SUMIFS(AC_SOTIEN,AC_DA,$B43,AC_KM,"DOANHTHU")/1000 -> 555572 | E42: =IF(D42<>0,D42/D$25,"") -> 0.12787609 | F42: =IF(D42<>0,D42/SUMIF($B$5:$B$24,$B42,D$5:D$24),"") -> 0.10933659 | G42: =D42-(K42/12*4) -> 555572 | H42: =(D42-(K42/12*4))/($K$5/12*4) -> 0.0138893 | K42: =SUMIF($B$5:$B$24,$B42,K$5:K$24)*12% -> 0 | L42: =IF(K42<>0,K42/SUM(K$26:K$45),"")
B43: LOCNGAI | C43: =IF(B43="","",VLOOKUP(B43,DM_DUAN,2,0)) -> KDC Lộc Ngãi | D43: =SUMIFS(AC_SOTIEN,AC_DA,$B44,AC_KM,"DOANHTHU")/1000 -> 0 | E43: =IF(D43<>0,D43/D$25,"") | F43: =IF(D43<>0,D43/SUMIF($B$5:$B$24,$B43,D$5:D$24),"") | G43: =D43-(K43/12*4) -> 0 | H43: =(D43-(K43/12*4))/($K$5/12*4) -> 0 | K43: =SUMIF($B$5:$B$24,$B43,K$5:K$24)*12% -> 0 | L43: =IF(K43<>0,K43/SUM(K$26:K$45),"")
E44: =IF(D44<>0,D44/D$25,"") | F44: =IF(D44<>0,D44/SUMIF($B$5:$B$24,$B44,D$5:D$24),"") | G44: =D44-(K44/12*4) -> 0 | H44: =(D44-(K44/12*4))/($K$5/12*4) -> 0 | K44: =SUMIF($B$5:$B$24,$B44,K$5:K$24)*12% -> 0 | L44: =IF(K44<>0,K44/SUM(K$26:K$45),"")
E45: =IF(D45<>0,D45/D$25,"") | F45: =IF(D45<>0,D45/SUMIF($B$5:$B$24,$B45,D$5:D$24),"") | G45: =D45-(K45/12*4) -> 0 | H45: =(D45-(K45/12*4))/($K$5/12*4) -> 0 | K45: =SUMIF($B$5:$B$24,$B45,K$5:K$24)*12% -> 0 | L45: =IF(K45<>0,K45/SUM(K$26:K$45),"")
B46: DTTC | C46: DOANH THU HOẠT ĐỘNG TÀI CHÍNH | D46: =SUMIFS(AC_SOTIEN,AC_NHOMQL,$B46)/1000 -> 0 | K46: =I46*J46 -> 0 | L46: =IFERROR(K46/SUM($K$5:$K$397),0) -> 0
B47: DTK | C47: THU NHẬP KHÁC | D47: =SUMIFS(AC_SOTIEN,AC_NHOMQL,$B47)/1000 -> 0 | K47: =I47*J47 -> 0 | L47: =IFERROR(K47/SUM($K$5:$K$397),0) -> 0
B48: TỔNG CHI PHÍ | D48: =SUM(D49:D55) -> 0 | E48: =IF(D48<>0,D48/D$48,"") | F48: =IF(D48<>0,D48/D$25,"")
B49: CPGV | C49: GIÁ VỐN DỊCH VỤ | D49: =SUMIFS(AC_SOTIEN,AC_NHOMQL,$B49)/1000 -> 0 | E49: =IF(D49<>0,D49/D$48,"") | F49: =IF(D49<>0,D49/D$25,"") | G49: =D49-(K49/12*4) -> 0 | H49: =(D49-(K49/12*4))/($K$5/12*4) -> 0 | K49: =I49*J49 -> 0 | L49: =IFERROR(K49/SUM($K$5:$K$397),0) -> 0
B50: CPTC | C50: CHI PHÍ TÀI CHÍNH | D50: =SUMIFS(AC_SOTIEN,AC_NHOMQL,$B50)/1000 -> 0 | E50: =IF(D50<>0,D50/D$48,"") | F50: =IF(D50<>0,D50/D$25,"") | G50: =D50-(K50/12*4) -> 0 | H50: =(D50-(K50/12*4))/($K$5/12*4) -> 0 | K50: =I50*J50 -> 0 | L50: =IFERROR(K50/SUM($K$5:$K$397),0) -> 0
B51: CPBH | C51: CHI PHÍ BÁN HÀNG | D51: =SUMIFS(AC_SOTIEN,AC_NHOMQL,$B51)/1000 -> 0 | E51: =IF(D51<>0,D51/D$48,"") | F51: =IF(D51<>0,D51/D$25,"") | G51: =D51-(K51/12*4) -> 0 | H51: =(D51-(K51/12*4))/($K$5/12*4) -> 0 | K51: =I51*J51 -> 0 | L51: =IFERROR(K51/SUM($K$5:$K$397),0) -> 0
B52: CPQL | C52: CHI PHÍ QUẢN LÝ DOANH NGHIỆP | D52: =SUMIFS(AC_SOTIEN,AC_NHOMQL,$B52)/1000 -> 0 | E52: =IF(D52<>0,D52/D$48,"") | F52: =IF(D52<>0,D52/D$25,"") | G52: =D52-(K52/12*4) -> 0 | H52: =(D52-(K52/12*4))/($K$5/12*4) -> 0 | K52: =I52*J52 -> 0 | L52: =IFERROR(K52/SUM($K$5:$K$397),0) -> 0
B53: CPK | C53: CHI PHÍ KHÁC | D53: =SUMIFS(AC_SOTIEN,AC_NHOMQL,$B53)/1000 -> 0 | E53: =IF(D53<>0,D53/D$48,"") | F53: =IF(D53<>0,D53/D$25,"") | G53: =D53-(K53/12*4) -> 0 | H53: =(D53-(K53/12*4))/($K$5/12*4) -> 0 | K53: =I53*J53 -> 0 | L53: =IFERROR(K53/SUM($K$5:$K$397),0) -> 0
B54: QUY8% | C54: QUỸ 8% | D54: =SUMIFS(AC_SOTIEN,AC_NHOMQL,$B54)/1000 -> 0 | E54: =IF(D54<>0,D54/D$48,"") | F54: =IF(D54<>0,D54/D$25,"") | G54: =D54-(K54/12*4) -> 0 | H54: =(D54-(K54/12*4))/($K$5/12*4) -> 0 | K54: =I54*J54 -> 0 | L54: =IFERROR(K54/SUM($K$5:$K$397),0) -> 0
F55: =IF(D55<>0,D55/D$25,"") | G55: =D55-(K55/12*4) -> 0 | H55: =(D55-(K55/12*4))/($K$5/12*4) -> 0
B56: LỢI NHUẬN | D56: =D25-D48+D46+D47 -> 4344612 | F56: =IF(D56<>0,D56/D$25,"") -> 1

Sheet Quy định
A1: Thông tư 48/2019/TT-BTC hướng dẫn trích lập và xử lý các khoản trích lập dự phòng
A2: NỘI DUNG
A3: Điều 4. Dự phòng giảm giá hàng tồn kho
A4: Mức trích dự phòng giảm giá hàng tồn kho = Lượng hàng tồn kho thực tế tại thời điểm lập báo cáo tài chính năm X Giá gốc hàng tồn kho theo sổ kế toán - Giá trị thuần có thể thực hiện được của hàng tồn kho
A5: Điều 5. Dự phòng tổn thất các khoản đầu tư
A6: Mức trích dự phòng giảm giá đầu tư chứng khoán = Giá trị khoản đầu tư chứng khoán đang hạch toán trên sổ kế toán của doanh nghiệp tại thời điểm lập báo cáo tài chính năm - Số lượng chứng khoán doanh nghiệp đang sở hữu tại thời điểm lập báo cáo tài chính năm X Giá chứng khoán thực tế trên thị trường
A7: Điều 6. Dự phòng nợ phải thu khó đòi
A8: Điều 7. Dự phòng bảo hành sản phẩm, hàng hóa, dịch vụ, công trình xây dựng
A9: Tổng mức trích lập dự phòng bảo hành của các sản phẩm, hàng hóa, dịch vụ, công trình xây dựng theo cam kết với khách hàng nhưng tối đa không quá 05% tổng doanh thu tiêu thụ trong năm đối với các sản phẩm, hàng hóa, dịch vụ và không quá 05% trên giá trị hợp đồng đối với các công trình xây dựng.
A10: QUY ĐỊNH CỤ THỂ
A11: Điều 3 của Thông tư 48/2019/TT-BTC cũng quy định: “Điều 3. Nguyên tắc chung trong trích lập các khoản dự phòng
A13: 1. Các khoản dự phòng quy định tại Thông tư này được tính vào chi phí được trừ khi xác định thu nhập chịu thuế thu nhập doanh nghiệp trong kỳ báo cáo năm để bù đắp tổn thất có thể xảy ra trong kỳ báo cáo năm sau; đảm bảo cho doanh nghiệp phản ánh giá trị hàng tồn kho, các khoản đầu tư không cao hơn giá trên thị trường và giá trị của các khoản nợ phải thu không cao hơn giá trị có thể thu hồi được tại thời điểm lập báo cáo tài chính năm.
... A103: + Còn lại phân phối vào quỹ khen thưởng, phúc lợi của công ty.

Sheet Nguồn vốn
A1: CHIẾN LƯỢC VỐN & QUẢN TRỊ VỐN KINH DOANH
A2: QUY MÔ VỐN | D2: 2022 | E2: 2023 | F2: 2024 | G2: 2025 | H2: 2026 | I2: YÊU CẦU TÍNH CHỦ ĐỘNG
B3: Vốn dài hạn (cố định) | D3: 4000 | E3: 6000 | F3: 6500 | G3: 6500 | H3: 6500 | I3: Kế hoạch tài chính kinh doanh
B4: Vốn ngắn hạn (lưu động) | D4: 3000 | E4: 3600 | F4: 3600 | G4: 3600 | H4: 3600 | I4: Kế hoạch dòng tiền & kiểm soát
B5: Vốn hoạt động an toàn | D5: 1000 | E5: 1000 | F5: 1000 | G5: 1000 | H5: 1000 | I5: Hệ thống định mức, hạn mức
B6: Tổng nguồn vốn | D6: =SUM(D3:D5) -> 8000 | E6: =SUM(E3:E5) -> 10600 | F6: =SUM(F3:F5) -> 11100 | G6: =SUM(G3:G5) -> 11100 | H6: =SUM(H3:H5) -> 11100 | I6: Chính sách tín dụng công ty
B7: Giá trị công ty | I7: Kế hoạch ứng phó rủi ro tài chính
A9: ĐỐI TÁC & GIẢI PHÁP NGUỒN VỐN | B9: NGUỒN HÌNH THÀNH | D9: =D2 -> 2022 | E9: =E2 -> 2023 | F9: =F2 -> 2024 | G9: =G2 -> 2025 | H9: =H2 -> 2026
B10: Vốn góp bằng tiền
B11: Vốn góp ngoài tiền
B12: Vốn tín dụng ngân hàng
B13: Vốn tín dụng nhà cung cấp
B14: Vốn tín dụng khách hàng
B15: Vốn hợp tác hoặc M&A
B16: Hợp tác kinh doanh vụ việc
B17: Tổng cộng | D17: =SUM(D10:D16) -> 0 | E17: =SUM(E10:E16) -> 0 | F17: =SUM(F10:F16) -> 0 | G17: =SUM(G10:G16) -> 0 | H17: =SUM(H10:H16) -> 0
B19: ĐO LƯỜNG HIỆU QUẢ | D19: N1 | E19: N2 | F19: N3 | G19: N4 | H19: N5 | I19: YÊU CẦU TÍNH MINH BẠCH
B20: Chi phí vốn | I20: Hạch toán minh bạch & có kế hoạch
B21: Tỷ suất sinh lợi / vốn chủ sở hữu | D21: 0.18 | E21: 0.16 | F21: 0.16 | G21: 0.2 | H21: 0.2 | I21: Kiến thức, nghiệp vụ tài chính nhân sự
B22: Tỷ suất sinh lợi / Tổng nguồn vốn | I22: Nhãn quan người phụ trách tài chính
B23: Sức sinh lợi / tài sản cố định | I23: Tuân thủ mục đích sử dụng
B24: DFL | I24: Hệ thống báo cáo quản trị tài chính
B26: QUẢN TRỊ & LUÂN CHUYỂN VỐN | D26: N1 | E26: N2 | F26: N3 | G26: N4 | H26: N5
B27: Cán cân thanh toán
B28: Chỉ số thanh toán cá biệt
B29: Tỷ trọng tài sản ngắn / Tổng tài sản
B30: Vòng quay vốn trong năm
B31: Số ngày thu hồi nợ bình quân
B32: Hạn mức tồn kho tối đa
B33: Tỷ lệ nợ phải thu / Tổng tài sản
B34: Hạn mức nợ phải thu / X

Sheet DATA_TF
A1: Ngày | B1: Tháng | C1: QUÝ | D1: CHỦ ĐẦU TƯ | E1: DỰ ÁN | F1: SẢN PHẨM | G1: BỘ PHẬN | H1: ĐỘI | I1: NHÂN VIÊN | J1: NHÓM KM | K1: NHÓM QL | L1: Mã KHOẢN MỤC | M1: Mã DÒNG TIỀN | N1: Số tiền | O1: NGHIỆP VỤ | P1: TK NỢ | Q1: TK CÓ | R1: KHÁCH HÀNG | S1: NHÀ CUNG CẤP | T1: DIỄN GIẢI
A2: 44562 | B2: =IF(A2="","",TEXT(A2,"MM/YYYY")) -> 01/2022 | C2: =IF(A2="","",VLOOKUP(A2,'THAM CHIẾU'!$A:$B,2,0)) -> #N/A | D2: =IF(E2<>0,VLOOKUP(E2,DM_DUAN,3,0),"") | G2: BP.HC-NS | L2: MUCIN | N2: 43000 | T2: MỰC IN
A3: 44562 | B3: =IF(A3="","",TEXT(A3,"MM/YYYY")) -> 01/2022 | C3: =IF(A3="","",VLOOKUP(A3,'THAM CHIẾU'!$A:$B,2,0)) -> #N/A | D3: =IF(E3<>0,VLOOKUP(E3,DM_DUAN,3,0),"") | L3: DOINGOAI | N3: 166000 | T3: ĐỐI NGOẠI
A4: 44562 | B4: =IF(A4="","",TEXT(A4,"MM/YYYY")) -> 01/2022 | C4: =IF(A4="","",VLOOKUP(A4,'THAM CHIẾU'!$A:$B,2,0)) -> #N/A | D4: =IF(E4<>0,VLOOKUP(E4,DM_DUAN,3,0),"") | L4: NUOC.SH | N4: 250000 | T4: NƯỚC SINH HOẠT
A5: 44562 | B5: =IF(A5="","",TEXT(A5,"MM/YYYY")) -> 01/2022 | C5: =IF(A5="","",VLOOKUP(A5,'THAM CHIẾU'!$A:$B,2,0)) -> #N/A | D5: =IF(E5<>0,VLOOKUP(E5,DM_DUAN,3,0),"") | L5: BHXH | N5: 328000 | T5: BHXH
A6: 44562 | B6: =IF(A6="","",TEXT(A6,"MM/YYYY")) -> 01/2022 | C6: =IF(A6="","",VLOOKUP(A6,'THAM CHIẾU'!$A:$B,2,0)) -> #N/A | D6: =IF(E6<>0,VLOOKUP(E6,DM_DUAN,3,0),"") | L6: DAOTAO | N6: 8333000 | T6: ĐÀO TẠO
A7: 44562 | B7: =IF(A7="","",TEXT(A7,"MM/YYYY")) -> 01/2022 | C7: =IF(A7="","",VLOOKUP(A7,'THAM CHIẾU'!$A:$B,2,0)) -> #N/A | D7: =IF(E7<>0,VLOOKUP(E7,DM_DUAN,3,0),"") | L7: HOP | N7: 416000 | T7: HỌP
A8: 44562 | B8: =IF(A8="","",TEXT(A8,"MM/YYYY")) -> 01/2022 | C8: =IF(A8="","",VLOOKUP(A8,'THAM CHIẾU'!$A:$B,2,0)) -> #N/A | D8: =IF(E8<>0,VLOOKUP(E8,DM_DUAN,3,0),"") | L8: INAN | N8: 833000 | T8: IN ẤN
A9: 44562 | B9: =IF(A9="","",TEXT(A9,"MM/YYYY")) -> 01/2022 | C9: =IF(A9="","",VLOOKUP(A9,'THAM CHIẾU'!$A:$B,2,0)) -> #N/A | D9: =IF(E9<>0,VLOOKUP(E9,DM_DUAN,3,0),"") | L9: YTE | N9: 4166000 | T9: Y TẾ
A10: 44562 | B10: =IF(A10="","",TEXT(A10,"MM/YYYY")) -> 01/2022 | C10: =IF(A10="","",VLOOKUP(A10,'THAM CHIẾU'!$A:$B,2,0)) -> #N/A | D10: =IF(E10<>0,VLOOKUP(E10,DM_DUAN,3,0),"") | G10: BP.KD | L10: TUYENDUNG | N10: 1666000 | T10: TUYỂN DỤNG
A11: 44562 | B11: =IF(A11="","",TEXT(A11,"MM/YYYY")) -> 01/2022 | C11: =IF(A11="","",VLOOKUP(A11,'THAM CHIẾU'!$A:$B,2,0)) -> #N/A | D11: =IF(E11<>0,VLOOKUP(E11,DM_DUAN,3,0),"") | L11: CPQLKHAC | N11: 1666000 | T11: DỊCH VỤ KHÁC
A12: 44562 | B12: =IF(A12="","",TEXT(A12,"MM/YYYY")) -> 01/2022 | C12: =IF(A12="","",VLOOKUP(A12,'THAM CHIẾU'!$A:$B,2,0)) -> #N/A | D12: =IF(E12<>0,VLOOKUP(E12,DM_DUAN,3,0),"") | L12: DIEN | N12: 6666000 | T12: ĐIỆN
A13: 44562 | B13: =IF(A13="","",TEXT(A13,"MM/YYYY")) -> 01/2022 | C13: =IF(A13="","",VLOOKUP(A13,'THAM CHIẾU'!$A:$B,2,0)) -> #N/A | D13: =IF(E13<>0,VLOOKUP(E13,DM_DUAN,3,0),"") | L13: CPQLKHAC | N13: 833000 | T13: THỜ CÚNG
A14: 44562 | B14: =IF(A14="","",TEXT(A14,"MM/YYYY")) -> 01/2022 | C14: =IF(A14="","",VLOOKUP(A14,'THAM CHIẾU'!$A:$B,2,0)) -> #N/A | D14: =IF(E14<>0,VLOOKUP(E14,DM_DUAN,3,0),"") | L14: VESINH | N14: 416000 | T14: VỆ SINH
A15: 44562 | B15: =IF(A15="","",TEXT(A15,"MM/YYYY")) -> 01/2022 | C15: =IF(A15="","",VLOOKUP(A15,'THAM CHIẾU'!$A:$B,2,0)) -> #N/A | D15: =IF(E15<>0,VLOOKUP(E15,DM_DUAN,3,0),"") | L15: LUONGQL | N15: 318400000 | T15: TIỀN LƯƠNG
A16: 44562 | B16: =IF(A16="","",TEXT(A16,"MM/YYYY")) -> 01/2022 | C16: =IF(A16="","",VLOOKUP(A16,'THAM CHIẾU'!$A:$B,2,0)) -> #N/A | D16: =IF(E16<>0,VLOOKUP(E16,DM_DUAN,3,0),"") | L16: THUEVP | N16: 45143000 | T16: THUÊ VĂN PHÒNG
A17: 44562 | B17: =IF(A17="","",TEXT(A17,"MM/YYYY")) -> 01/2022 | C17: =IF(A17="","",VLOOKUP(A17,'THAM CHIẾU'!$A:$B,2,0)) -> #N/A | D17: =IF(E17<>0,VLOOKUP(E17,DM_DUAN,3,0),"") | L17: VPP | N17: 1250000 | T17: VPP
A18: 44562 | B18: =IF(A18="","",TEXT(A18,"MM/YYYY")) -> 01/2022 | C18: =IF(A18="","",VLOOKUP(A18,'THAM CHIẾU'!$A:$B,2,0)) -> #N/A | D18: =IF(E18<>0,VLOOKUP(E18,DM_DUAN,3,0),"") | L18: NGOAIGIAO | N18: 16666000 | T18: NGOẠI GIAO
